{
    "ICSA-10-272-01.md": {
        "observables": [
            {
                "observable_value": "ICSA-10-272-01",
                "observable_rank": "Actionable",
                "data_source": "None",
                "classification": "Alert Code",
                "STIX_supported": "No",
                "proprietary_artifact": "Open/Standard Technology",
                "parser": "N/A",
                "notes": "Extracted from the advisory text. The alert code is a unique identifier for the advisory.",
                "observable_id": 1
            },
            {
                "observable_value": "ICSA-10-201-01",
                "observable_rank": "Described",
                "data_source": "None",
                "classification": "Advisory Identifier",
                "STIX_supported": "No",
                "proprietary_artifact": "Open/Standard Technology",
                "parser": "N/A",
                "notes": "ICS-CERT advisory identifier for 'Malware Targeting Siemens Control Software' advisory.",
                "observable_id": 2
            },
            {
                "observable_value": "ICSA-10-238-01",
                "observable_rank": "Described",
                "data_source": "None",
                "classification": "Advisory Identifier",
                "STIX_supported": "No",
                "proprietary_artifact": "Open/Standard Technology",
                "parser": "N/A",
                "notes": "ICS-CERT advisory identifier for 'Stuxnet Mitigations'.",
                "observable_id": 3
            },
            {
                "observable_value": "Stuxnet",
                "observable_rank": "Mentioned",
                "data_source": "None",
                "classification": "Malware Family",
                "STIX_supported": "Full: Malware",
                "proprietary_artifact": "Open/Standard Technology",
                "parser": "N/A",
                "notes": "Refers to the Stuxnet malware that leverages multiple zero-day exploits.",
                "observable_id": 4
            },
            {
                "observable_value": "Conficker",
                "observable_rank": "Mentioned",
                "data_source": "None",
                "classification": "Malware Family",
                "STIX_supported": "Full: Malware",
                "proprietary_artifact": "Open/Standard Technology",
                "parser": "N/A",
                "notes": "Refers to the Conficker worm, mentioned as exploiting a related vulnerability.",
                "observable_id": 5
            },
            {
                "observable_value": "Microsoft Security Bulletin MS-08-067",
                "observable_rank": "Described",
                "data_source": "None",
                "classification": "Security Bulletin Identifier",
                "STIX_supported": "No",
                "proprietary_artifact": "Open/Standard Technology",
                "parser": "N/A",
                "notes": "Microsoft bulletin documenting a vulnerability also exploited by Conficker.",
                "observable_id": 6
            },
            {
                "observable_value": "Infected USB devices",
                "observable_rank": "Mentioned",
                "data_source": "None",
                "classification": "Propagation Method",
                "STIX_supported": "No",
                "proprietary_artifact": "Open/Standard Technology",
                "parser": "N/A",
                "notes": "Generic propagation method via removable media.",
                "observable_id": 7
            },
            {
                "observable_value": "network shares",
                "observable_rank": "Mentioned",
                "data_source": "None",
                "classification": "Propagation Method",
                "STIX_supported": "No",
                "proprietary_artifact": "Open/Standard Technology",
                "parser": "N/A",
                "notes": "Propagation method leveraging shared network resources.",
                "observable_id": 8
            },
            {
                "observable_value": "STEP 7 Project files",
                "observable_rank": "Mentioned",
                "data_source": "None",
                "classification": "File Artifact",
                "STIX_supported": "No",
                "proprietary_artifact": "Proprietary-Documented Technology",
                "parser": "N/A",
                "notes": "Files related to Siemens SIMATIC STEP 7 used as a propagation vector.",
                "observable_id": 9
            },
            {
                "observable_value": "WinCC database files",
                "observable_rank": "Mentioned",
                "data_source": "None",
                "classification": "File Artifact",
                "STIX_supported": "No",
                "proprietary_artifact": "Proprietary-Documented Technology",
                "parser": "N/A",
                "notes": "Database files from Siemens SIMATIC WinCC observed as a propagation method.",
                "observable_id": 10
            },
            {
                "observable_value": "print spooler vulnerability",
                "observable_rank": "Mentioned",
                "data_source": "None",
                "classification": "Vulnerability",
                "STIX_supported": "No",
                "proprietary_artifact": "Proprietary-Documented Technology",
                "parser": "N/A",
                "notes": "Generic reference to the print spooler vulnerability addressed by a Microsoft bulletin.",
                "observable_id": 11
            },
            {
                "observable_value": "Microsoft Security Bulletin MS-10-061",
                "observable_rank": "Described",
                "data_source": "None",
                "classification": "Security Bulletin Identifier",
                "STIX_supported": "No",
                "proprietary_artifact": "Open/Standard Technology",
                "parser": "N/A",
                "notes": "Microsoft bulletin addressing the print spooler vulnerability.",
                "observable_id": 12
            },
            {
                "observable_value": "Remote Procedure Call (RPC)",
                "observable_rank": "Mentioned",
                "data_source": "None",
                "classification": "Protocol",
                "STIX_supported": "No",
                "proprietary_artifact": "Open/Standard Technology",
                "parser": "N/A",
                "notes": "RPC protocol used for peer-to-peer communication in the malware infrastructure.",
                "observable_id": 13
            },
            {
                "observable_value": "Siemens SIMATIC WinCC",
                "observable_rank": "Mentioned",
                "data_source": "None",
                "classification": "Software/Tool",
                "STIX_supported": "Full: Software",
                "proprietary_artifact": "Proprietary-Documented Technology",
                "parser": "N/A",
                "notes": "Industrial control system software from Siemens that interacts with the malware.",
                "observable_id": 14
            },
            {
                "observable_value": "SIMATIC STEP 7",
                "observable_rank": "Mentioned",
                "data_source": "None",
                "classification": "Software/Tool",
                "STIX_supported": "Full: Software",
                "proprietary_artifact": "Proprietary-Documented Technology",
                "parser": "N/A",
                "notes": "Siemens industrial control software referenced as being targeted by the malware.",
                "observable_id": 15
            },
            {
                "observable_value": "Windows XP SP3",
                "observable_rank": "Mentioned",
                "data_source": "System logs (Windows Event, syslog)",
                "classification": "Operating System",
                "STIX_supported": "Partial",
                "proprietary_artifact": "Proprietary-Documented Technology",
                "parser": "N/A",
                "notes": "Referenced as the operating system installation used in one test system.",
                "observable_id": 16
            },
            {
                "observable_value": "Siemens WinCC",
                "observable_rank": "Mentioned",
                "data_source": "Endpoint (EDR) logs",
                "classification": "Software/Tool",
                "STIX_supported": "Full: Tool",
                "proprietary_artifact": "Proprietary-Documented Technology",
                "parser": "N/A",
                "notes": "Mentioned as installed on one system, representing Siemens software presence.",
                "observable_id": 17
            },
            {
                "observable_value": "STEP 7",
                "observable_rank": "Mentioned",
                "data_source": "Endpoint (EDR) logs",
                "classification": "Software/Tool",
                "STIX_supported": "Full: Tool",
                "proprietary_artifact": "Proprietary-Documented Technology",
                "parser": "N/A",
                "notes": "Referenced as installed alongside Siemens WinCC in one of the test systems.",
                "observable_id": 18
            },
            {
                "observable_value": "WINDOWS\\inf\\mdmeric3.PNF",
                "observable_rank": "Actionable",
                "data_source": "Endpoint (EDR) logs",
                "classification": "File Path",
                "STIX_supported": "Full: File",
                "proprietary_artifact": "Open/Standard Technology",
                "parser": "N/A",
                "notes": "File path from row 1 of the table.",
                "observable_id": 19
            },
            {
                "observable_value": "b834ebeb777ea07fb6aab6bf35cdf07f",
                "observable_rank": "Actionable",
                "data_source": "Endpoint (EDR) logs",
                "classification": "File Hash",
                "STIX_supported": "Full: File",
                "proprietary_artifact": "Open/Standard Technology",
                "parser": "N/A",
                "notes": "MD5 hash corresponding to WINDOWS\\inf\\mdmeric3.PNF.",
                "observable_id": 20
            },
            {
                "observable_value": "WINDOWS\\inf\\oem6C.PNF",
                "observable_rank": "Actionable",
                "data_source": "Endpoint (EDR) logs",
                "classification": "File Path",
                "STIX_supported": "Full: File",
                "proprietary_artifact": "Open/Standard Technology",
                "parser": "N/A",
                "notes": "File path from row 2 of the table; hash value may vary.",
                "observable_id": 21
            },
            {
                "observable_value": "WINDOWS\\inf\\oem7A.PNF",
                "observable_rank": "Actionable",
                "data_source": "Endpoint (EDR) logs",
                "classification": "File Path",
                "STIX_supported": "Full: File",
                "proprietary_artifact": "Open/Standard Technology",
                "parser": "N/A",
                "notes": "File path from row 3 of the table.",
                "observable_id": 22
            },
            {
                "observable_value": "ad19fbaa55e8ad585a97bbcddcde59d4",
                "observable_rank": "Actionable",
                "data_source": "Endpoint (EDR) logs",
                "classification": "File Hash",
                "STIX_supported": "Full: File",
                "proprietary_artifact": "Open/Standard Technology",
                "parser": "N/A",
                "notes": "MD5 hash corresponding to WINDOWS\\inf\\oem7A.PNF.",
                "observable_id": 23
            },
            {
                "observable_value": "WINDOWS\\inf\\mdmcpq3.PNF",
                "observable_rank": "Actionable",
                "data_source": "Endpoint (EDR) logs",
                "classification": "File Path",
                "STIX_supported": "Full: File",
                "proprietary_artifact": "Open/Standard Technology",
                "parser": "N/A",
                "notes": "File path from row 4 of the table; hash value may vary.",
                "observable_id": 24
            },
            {
                "observable_value": "WINDOWS\\system32\\s7otbxdx.dll",
                "observable_rank": "Actionable",
                "data_source": "Endpoint (EDR) logs",
                "classification": "File Path",
                "STIX_supported": "Full: File",
                "proprietary_artifact": "Open/Standard Technology",
                "parser": "N/A",
                "notes": "File path extracted from the infected machines table.",
                "observable_id": 25
            },
            {
                "observable_value": "7a4e2d2638a454442efb95f23df391a1",
                "observable_rank": "Actionable",
                "data_source": "Endpoint (EDR) logs",
                "classification": "MD5 Hash",
                "STIX_supported": "Full: File",
                "proprietary_artifact": "Open/Standard Technology",
                "parser": "N/A",
                "notes": "MD5 hash for WINDOWS\\system32\\s7otbxdx.dll.",
                "observable_id": 26
            },
            {
                "observable_value": "WINDOWS\\system32\\s7otbxsx.dll",
                "observable_rank": "Actionable",
                "data_source": "Endpoint (EDR) logs",
                "classification": "File Path",
                "STIX_supported": "Full: File",
                "proprietary_artifact": "Open/Standard Technology",
                "parser": "N/A",
                "notes": "File path extracted from the table row; the original legitimate STEP 7 file renamed by malware.",
                "observable_id": 27
            },
            {
                "observable_value": "5b855cff1dba22ca12d4b70b43927db7",
                "observable_rank": "Actionable",
                "data_source": "Endpoint (EDR) logs",
                "classification": "MD5 Hash",
                "STIX_supported": "Full: File",
                "proprietary_artifact": "Open/Standard Technology",
                "parser": "N/A",
                "notes": "MD5 hash for WINDOWS\\system32\\s7otbxsx.dll.",
                "observable_id": 28
            },
            {
                "observable_value": "\\GraCS\\cc_alg.sav",
                "observable_rank": "Actionable",
                "data_source": "Endpoint (EDR) logs",
                "classification": "File Path",
                "STIX_supported": "Full: File",
                "proprietary_artifact": "Open/Standard Technology",
                "parser": "N/A",
                "notes": "File path from WinCC/STEP7 Project directories table.",
                "observable_id": 29
            },
            {
                "observable_value": "ad19fbaa55e8ad585a97bbcddcde59d4",
                "observable_rank": "Actionable",
                "data_source": "Endpoint (EDR) logs",
                "classification": "MD5 Hash",
                "STIX_supported": "Full: File",
                "proprietary_artifact": "Open/Standard Technology",
                "parser": "N/A",
                "notes": "MD5 hash for \\GraCS\\cc_alg.sav.",
                "observable_id": 30
            },
            {
                "observable_value": "\\GraCS\\cc_tag.sav",
                "observable_rank": "Actionable",
                "data_source": "Endpoint (EDR) logs",
                "classification": "File Path",
                "STIX_supported": "Full: File",
                "proprietary_artifact": "Open/Standard Technology",
                "parser": "N/A",
                "notes": "File path from WinCC/STEP7 Project directories table. Note: Associated hash is not fixed ('Hash may vary').",
                "observable_id": 31
            },
            {
                "observable_value": "\\GraCS\\cc_tlg7.sav",
                "observable_rank": "Actionable",
                "data_source": "Endpoint (EDR) logs",
                "classification": "File Path",
                "STIX_supported": "Full: File",
                "proprietary_artifact": "Open/Standard Technology",
                "parser": "N/A",
                "notes": "File path from WinCC/STEP7 Project directories table.",
                "observable_id": 32
            },
            {
                "observable_value": "d102bdad06b27616babe442e14461059",
                "observable_rank": "Actionable",
                "data_source": "Endpoint (EDR) logs",
                "classification": "MD5 Hash",
                "STIX_supported": "Full: File",
                "proprietary_artifact": "Open/Standard Technology",
                "parser": "N/A",
                "notes": "MD5 hash for \\GraCS\\cc_tlg7.sav.",
                "observable_id": 33
            },
            {
                "observable_value": "\\GraCS\\db_log.sav",
                "observable_rank": "Actionable",
                "data_source": "Endpoint (EDR) logs",
                "classification": "File Path",
                "STIX_supported": "Full: File",
                "proprietary_artifact": "Open/Standard Technology",
                "parser": "N/A",
                "notes": "File path from WinCC/STEP7 Project directories table.",
                "observable_id": 34
            },
            {
                "observable_value": "b834ebeb777ea07fb6aab6bf35cdf07f",
                "observable_rank": "Actionable",
                "data_source": "Endpoint (EDR) logs",
                "classification": "MD5 Hash",
                "STIX_supported": "Full: File",
                "proprietary_artifact": "Open/Standard Technology",
                "parser": "N/A",
                "notes": "MD5 hash for \\GraCS\\db_log.sav.",
                "observable_id": 35
            },
            {
                "observable_value": "*.sav",
                "observable_rank": "Described",
                "data_source": "Endpoint (EDR) logs",
                "classification": "File Extension Pattern",
                "STIX_supported": "Partial",
                "proprietary_artifact": "Open/Standard Technology",
                "parser": "N/A",
                "notes": "Represents the pattern for any malicious .sav file stored in the GraCS subdirectory within a project\u2019s root directory.",
                "observable_id": 36
            },
            {
                "observable_value": "ICSA-10-238-01B",
                "observable_rank": "Described",
                "data_source": "None",
                "classification": "Advisory ID",
                "STIX_supported": "No",
                "proprietary_artifact": "Open/Standard Technology",
                "parser": "N/A",
                "notes": "Referenced advisory for Stuxnet mitigations.",
                "observable_id": 37
            },
            {
                "observable_value": "</ics/advisories/icsa-10-238-01b>",
                "observable_rank": "Actionable",
                "data_source": "Web proxy logs",
                "classification": "URL",
                "STIX_supported": "Full: URL",
                "proprietary_artifact": "Open/Standard Technology",
                "parser": "N/A",
                "notes": "Relative URL reference to the Stuxnet mitigations advisory.",
                "observable_id": 38
            },
            {
                "observable_value": "</ics/recommended-practices>",
                "observable_rank": "Actionable",
                "data_source": "Web proxy logs",
                "classification": "URL",
                "STIX_supported": "Full: URL",
                "proprietary_artifact": "Open/Standard Technology",
                "parser": "N/A",
                "notes": "Relative URL reference for control systems recommended practices.",
                "observable_id": 39
            },
            {
                "observable_value": "</sites/default/files/recommended_practices/nccic_icscert_defense_in_depth_2016_s508c.pdf>",
                "observable_rank": "Actionable",
                "data_source": "Web proxy logs",
                "classification": "URL",
                "STIX_supported": "Full: URL",
                "proprietary_artifact": "Open/Standard Technology",
                "parser": "N/A",
                "notes": "Relative URL reference to a PDF on defense-in-depth strategies.",
                "observable_id": 40
            },
            {
                "observable_value": "</notification>",
                "observable_rank": "Actionable",
                "data_source": "Web proxy logs",
                "classification": "URL",
                "STIX_supported": "Full: URL",
                "proprietary_artifact": "Open/Standard Technology",
                "parser": "N/A",
                "notes": "Relative URL reference for the notification page.",
                "observable_id": 41
            },
            {
                "observable_value": "</privacypolicy>",
                "observable_rank": "Actionable",
                "data_source": "Web proxy logs",
                "classification": "URL",
                "STIX_supported": "Full: URL",
                "proprietary_artifact": "Open/Standard Technology",
                "parser": "N/A",
                "notes": "Relative URL reference for the privacy and use policy.",
                "observable_id": 42
            }
        ]
    },
    "report_11.md": {
        "observables": [
            {
                "observable_value": "Exabeam Nova",
                "observable_rank": "Described",
                "data_source": "None",
                "classification": "Software/Tool",
                "STIX_supported": "No",
                "proprietary_artifact": "Proprietary-Documented Technology",
                "parser": "N/A",
                "notes": "Reference to a cybersecurity product mentioned in the blog title, used to uplevel SOC operations.",
                "observable_id": 1
            },
            {
                "observable_value": "privacy@exabeam.com",
                "observable_rank": "Actionable",
                "data_source": "Web proxy logs",
                "classification": "Email Address",
                "STIX_supported": "Full: email-addr",
                "proprietary_artifact": "Open/Standard Technology",
                "parser": "N/A",
                "notes": "Extracted from the contact information in the web form; a specific email address that can be used for detection.",
                "observable_id": 2
            },
            {
                "observable_value": "info@exabeam.com",
                "observable_rank": "Actionable",
                "data_source": "Web proxy logs",
                "classification": "Email Address",
                "STIX_supported": "Full: email-addr",
                "proprietary_artifact": "Open/Standard Technology",
                "parser": "N/A",
                "notes": "Extracted from the contact information in the web form; a specific email address that can be used for detection.",
                "observable_id": 3
            },
            {
                "observable_value": "cookies",
                "observable_rank": "Mentioned",
                "data_source": "None",
                "classification": "Browser Cookie",
                "STIX_supported": "No",
                "proprietary_artifact": "Open/Standard Technology",
                "parser": "N/A",
                "notes": null,
                "observable_id": 4
            },
            {
                "observable_value": "ept<br>kies",
                "observable_rank": "Mentioned",
                "data_source": "None",
                "classification": "Ambiguous Text",
                "STIX_supported": "No",
                "proprietary_artifact": "Open/Standard Technology",
                "parser": "N/A",
                "notes": "The string appears to be a garbled or stylized text element.",
                "observable_id": 5
            },
            {
                "observable_value": "Event Logging",
                "observable_rank": "Mentioned",
                "data_source": "None",
                "classification": "Security Function",
                "STIX_supported": "No",
                "proprietary_artifact": "Open/Standard Technology",
                "parser": "N/A",
                "notes": null,
                "observable_id": 6
            },
            {
                "observable_value": "Cloud Security",
                "observable_rank": "Mentioned",
                "data_source": "None",
                "classification": "Security Service",
                "STIX_supported": "No",
                "proprietary_artifact": "Open/Standard Technology",
                "parser": "N/A",
                "notes": null,
                "observable_id": 7
            },
            {
                "observable_value": "XDR",
                "observable_rank": "Mentioned",
                "data_source": "None",
                "classification": "Security Tool",
                "STIX_supported": "No",
                "proprietary_artifact": "Open/Standard Technology",
                "parser": "N/A",
                "notes": "XDR stands for Extended Detection and Response.",
                "observable_id": 8
            },
            {
                "observable_value": "se",
                "observable_rank": "Mentioned",
                "data_source": "None",
                "classification": "Ambiguous Text",
                "STIX_supported": "No",
                "proprietary_artifact": "Open/Standard Technology",
                "parser": "N/A",
                "notes": "Very short text with unclear meaning.",
                "observable_id": 9
            },
            {
                "observable_value": "What Are TTPs",
                "observable_rank": "Mentioned",
                "data_source": "None",
                "classification": "Threat Intelligence Term",
                "STIX_supported": "No",
                "proprietary_artifact": "Open/Standard Technology",
                "parser": "N/A",
                "notes": "Refers to tactics, techniques, and procedures but is posed as a question.",
                "observable_id": 10
            },
            {
                "observable_value": "New-Scale SIEM",
                "observable_rank": "Mentioned",
                "data_source": "None",
                "classification": "SIEM Product",
                "STIX_supported": "No",
                "proprietary_artifact": "Open/Standard Technology",
                "parser": "N/A",
                "notes": "Likely a product name or descriptive term for a SIEM solution.",
                "observable_id": 11
            },
            {
                "observable_value": "SIEM Security",
                "observable_rank": "Mentioned",
                "data_source": "None",
                "classification": "SIEM Product",
                "STIX_supported": "No",
                "proprietary_artifact": "Open/Standard Technology",
                "parser": "N/A",
                "notes": null,
                "observable_id": 12
            },
            {
                "observable_value": "HIPAA Compliance",
                "observable_rank": "Mentioned",
                "data_source": "None",
                "classification": "Compliance Framework",
                "STIX_supported": "No",
                "proprietary_artifact": "Open/Standard Technology",
                "parser": "N/A",
                "notes": "Refers to the HIPAA regulatory requirements.",
                "observable_id": 13
            },
            {
                "observable_value": "SOX Compliance",
                "observable_rank": "Mentioned",
                "data_source": "None",
                "classification": "Compliance Framework",
                "STIX_supported": "No",
                "proprietary_artifact": "Open/Standard Technology",
                "parser": "N/A",
                "notes": "Relates to compliance with the Sarbanes\u2013Oxley Act.",
                "observable_id": 14
            },
            {
                "observable_value": "Network Detection and Response",
                "observable_rank": "Mentioned",
                "data_source": "None",
                "classification": "Security Service",
                "STIX_supported": "No",
                "proprietary_artifact": "Open/Standard Technology",
                "parser": "N/A",
                "notes": null,
                "observable_id": 15
            },
            {
                "observable_value": "Compliance Management",
                "observable_rank": "Mentioned",
                "data_source": "None",
                "classification": "Security Management",
                "STIX_supported": "No",
                "proprietary_artifact": "Open/Standard Technology",
                "parser": "N/A",
                "notes": null,
                "observable_id": 16
            },
            {
                "observable_value": "PCI Compliance",
                "observable_rank": "Mentioned",
                "data_source": "None",
                "classification": "Compliance Framework",
                "STIX_supported": "No",
                "proprietary_artifact": "Open/Standard Technology",
                "parser": "N/A",
                "notes": "Refers to Payment Card Industry standards.",
                "observable_id": 17
            },
            {
                "observable_value": "GDPR Compliance",
                "observable_rank": "Mentioned",
                "data_source": "None",
                "classification": "Compliance Framework",
                "STIX_supported": "No",
                "proprietary_artifact": "Open/Standard Technology",
                "parser": "N/A",
                "notes": "Relates to General Data Protection Regulation requirements.",
                "observable_id": 18
            },
            {
                "observable_value": "SOAR",
                "observable_rank": "Mentioned",
                "data_source": "None",
                "classification": "Security Tool",
                "STIX_supported": "No",
                "proprietary_artifact": "Open/Standard Technology",
                "parser": "N/A",
                "notes": "Stands for Security Orchestration, Automation and Response.",
                "observable_id": 19
            },
            {
                "observable_value": "Insider Threats",
                "observable_rank": "Mentioned",
                "data_source": "None",
                "classification": "Threat Indicator",
                "STIX_supported": "No",
                "proprietary_artifact": "Open/Standard Technology",
                "parser": "N/A",
                "notes": "General term referring to threats from within an organization.",
                "observable_id": 20
            },
            {
                "observable_value": "MITRE ATT&CK",
                "observable_rank": "Mentioned",
                "data_source": "None",
                "classification": "Threat Framework",
                "STIX_supported": "No",
                "proprietary_artifact": "Open/Standard Technology",
                "parser": "N/A",
                "notes": "A well-known framework for cyber adversary behavior.",
                "observable_id": 21
            },
            {
                "observable_value": "Information Security",
                "observable_rank": "Mentioned",
                "data_source": "None",
                "classification": "Security Domain",
                "STIX_supported": "No",
                "proprietary_artifact": "Open/Standard Technology",
                "parser": "N/A",
                "notes": null,
                "observable_id": 22
            },
            {
                "observable_value": "Al Cyber Security",
                "observable_rank": "Mentioned",
                "data_source": "None",
                "classification": "Cyber Security Service",
                "STIX_supported": "No",
                "proprietary_artifact": "Open/Standard Technology",
                "parser": "N/A",
                "notes": "Possibly a typographical variant of 'AI Cyber Security' or a distinct term.",
                "observable_id": 23
            },
            {
                "observable_value": "Log Management",
                "observable_rank": "Mentioned",
                "data_source": "None",
                "classification": "Security Function",
                "STIX_supported": "No",
                "proprietary_artifact": "Open/Standard Technology",
                "parser": "N/A",
                "notes": null,
                "observable_id": 24
            },
            {
                "observable_value": "SECURITY EXPLAINERS",
                "observable_rank": "Mentioned",
                "data_source": "None",
                "classification": "Educational Content",
                "STIX_supported": "No",
                "proprietary_artifact": "Open/Standard Technology",
                "parser": "N/A",
                "notes": "Appears to be a section header or a category label.",
                "observable_id": 25
            },
            {
                "observable_value": "SIEM",
                "observable_rank": "Mentioned",
                "data_source": "None",
                "classification": "SIEM",
                "STIX_supported": "No",
                "proprietary_artifact": "Open/Standard Technology",
                "parser": "N/A",
                "notes": "Abbreviation for Security Information and Event Management.",
                "observable_id": 26
            },
            {
                "observable_value": "SIEM Tools",
                "observable_rank": "Mentioned",
                "data_source": "None",
                "classification": "Security Tool",
                "STIX_supported": "No",
                "proprietary_artifact": "Open/Standard Technology",
                "parser": "N/A",
                "notes": null,
                "observable_id": 27
            },
            {
                "observable_value": "UEBA",
                "observable_rank": "Mentioned",
                "data_source": "None",
                "classification": "Security Tool",
                "STIX_supported": "No",
                "proprietary_artifact": "Open/Standard Technology",
                "parser": "N/A",
                "notes": "Stands for User and Entity Behavior Analytics.",
                "observable_id": 28
            }
        ]
    },
    "report_3.md": {
        "observables": [
            {
                "observable_value": "Carbon Black",
                "observable_rank": "Mentioned",
                "data_source": "Endpoint (EDR) logs",
                "classification": "Software/Tool",
                "STIX_supported": "No",
                "proprietary_artifact": "Proprietary-Documented Technology",
                "parser": "N/A",
                "notes": "This is a reference to a cybersecurity product and not a directly actionable technical indicator.",
                "observable_id": 1
            },
            {
                "observable_value": "Carbon Black",
                "observable_rank": "Mentioned",
                "data_source": "Endpoint (EDR) logs",
                "classification": "Software/Tool",
                "STIX_supported": "No",
                "proprietary_artifact": "Proprietary-Documented Technology",
                "parser": "N/A",
                "notes": "Refers to the Carbon Black endpoint detection and response product. 'Buy via Partner' appears to be a marketing tagline and does not constitute an independent technical artifact.",
                "observable_id": 2
            },
            {
                "observable_value": "Carbon Black",
                "observable_rank": "Described",
                "data_source": "Endpoint (EDR) logs",
                "classification": "Software/Tool",
                "STIX_supported": "Full: Tool",
                "proprietary_artifact": "Proprietary-Documented Technology",
                "parser": "N/A",
                "notes": "This observable refers to the Carbon Black cybersecurity product mentioned in the snippet. While it is a specific tool used for endpoint visibility and threat detection, its name alone isn\u2019t a unique, directly actionable IOC.",
                "observable_id": 3
            },
            {
                "observable_value": "Carbon Black",
                "observable_rank": "Mentioned",
                "data_source": "Endpoint (EDR) logs",
                "classification": "Software/Tool",
                "STIX_supported": "No",
                "proprietary_artifact": "Proprietary-Documented Technology",
                "parser": "N/A",
                "notes": "The text references Carbon Black as a security solution in the context of a TEI study. As a product name without unique detection patterns, it is classified as a mentioned observable.",
                "observable_id": 4
            }
        ]
    },
    "ICSA-10-238-01B.md": {
        "observables": [
            {
                "observable_value": "Stuxnet",
                "observable_rank": "Mentioned",
                "data_source": "None",
                "classification": "Software/Tool",
                "STIX_supported": "No",
                "proprietary_artifact": "Open/Standard Technology",
                "parser": "N/A",
                "notes": "Extracted from the report title; refers to the known malware family.",
                "observable_id": 1
            },
            {
                "observable_value": "ICSA-10-238-01B",
                "observable_rank": "Mentioned",
                "data_source": "None",
                "classification": "Alert Code",
                "STIX_supported": "No",
                "proprietary_artifact": "Open/Standard Technology",
                "parser": "N/A",
                "notes": "Alert identifier provided in the CTI report.",
                "observable_id": 2
            },
            {
                "observable_value": "</ics/advisories/icsa-10-201-01c>",
                "observable_rank": "Actionable",
                "data_source": "Web proxy logs",
                "classification": "URL",
                "STIX_supported": "Full: URL",
                "proprietary_artifact": "Open/Standard Technology",
                "parser": "N/A",
                "notes": "This relative URL appears in the advisory title and can be used as a detection artifact.",
                "observable_id": 3
            },
            {
                "observable_value": "previously unpatched Windows vulnerability",
                "observable_rank": "Mentioned",
                "data_source": "None",
                "classification": "Vulnerability",
                "STIX_supported": "Full: Vulnerability",
                "proprietary_artifact": "Open/Standard Technology",
                "parser": "N/A",
                "notes": "Generic reference to a Windows vulnerability without a specific CVE identifier.",
                "observable_id": 4
            },
            {
                "observable_value": "digitally signed kernel-mode rootkit",
                "observable_rank": "Described",
                "data_source": "Endpoint (EDR) logs",
                "classification": "Rootkit",
                "STIX_supported": "Partial",
                "proprietary_artifact": "Open/Standard Technology",
                "parser": "N/A",
                "notes": "Refers to the malicious kernel-mode component used by Stuxnet that is digitally signed.",
                "observable_id": 5
            },
            {
                "observable_value": "original digital certificate used to sign the rootkit",
                "observable_rank": "Mentioned",
                "data_source": "Endpoint (EDR) logs",
                "classification": "Digital Certificate",
                "STIX_supported": "Full: X509 Certificate",
                "proprietary_artifact": "Open/Standard Technology",
                "parser": "N/A",
                "notes": "Certificate originally used to sign the rootkit; it has been revoked.",
                "observable_id": 6
            },
            {
                "observable_value": "second variant digital certificate used to sign the rootkit",
                "observable_rank": "Mentioned",
                "data_source": "Endpoint (EDR) logs",
                "classification": "Digital Certificate",
                "STIX_supported": "Full: X509 Certificate",
                "proprietary_artifact": "Open/Standard Technology",
                "parser": "N/A",
                "notes": "Certificate used in a later variant for signing the same rootkit; it has also been revoked.",
                "observable_id": 7
            },
            {
                "observable_value": "Stuxnet",
                "observable_rank": "Mentioned",
                "data_source": "Endpoint (EDR) logs",
                "classification": "Software/Tool",
                "STIX_supported": "No",
                "proprietary_artifact": "Open/Standard Technology",
                "parser": "N/A",
                "notes": "Malware family name mentioned in the report.",
                "observable_id": 8
            },
            {
                "observable_value": "MS08-067",
                "observable_rank": "Actionable",
                "data_source": "None",
                "classification": "Vulnerability Identifier",
                "STIX_supported": "No",
                "proprietary_artifact": "Open/Standard Technology",
                "parser": "N/A",
                "notes": "Microsoft vulnerability identifier used by Stuxnet; this vulnerability was previously patched.",
                "observable_id": 9
            },
            {
                "observable_value": "MS10-046b",
                "observable_rank": "Actionable",
                "data_source": "None",
                "classification": "Vulnerability Identifier",
                "STIX_supported": "No",
                "proprietary_artifact": "Open/Standard Technology",
                "parser": "N/A",
                "notes": "Microsoft zero-day vulnerability addressed on August 24th, 2010.",
                "observable_id": 10
            },
            {
                "observable_value": "MS10-061c",
                "observable_rank": "Actionable",
                "data_source": "None",
                "classification": "Vulnerability Identifier",
                "STIX_supported": "No",
                "proprietary_artifact": "Open/Standard Technology",
                "parser": "N/A",
                "notes": "Microsoft zero-day vulnerability addressing remote code execution in the Print Spooler Service.",
                "observable_id": 11
            },
            {
                "observable_value": "2347290",
                "observable_rank": "Actionable",
                "data_source": "None",
                "classification": "Vulnerability ID",
                "STIX_supported": "No",
                "proprietary_artifact": "Open/Standard Technology",
                "parser": "N/A",
                "notes": "Numeric identifier associated with the MS10-061c vulnerability.",
                "observable_id": 12
            },
            {
                "observable_value": "Print Spooler Service",
                "observable_rank": "Mentioned",
                "data_source": "System logs",
                "classification": "Service Name",
                "STIX_supported": "No",
                "proprietary_artifact": "Open/Standard Technology",
                "parser": "N/A",
                "notes": "Generic Windows service targeted to allow remote code execution without authentication.",
                "observable_id": 13
            },
            {
                "observable_value": "Microsoft Windows Update",
                "observable_rank": "Mentioned",
                "data_source": "None",
                "classification": "Software/Tool",
                "STIX_supported": "Partial",
                "proprietary_artifact": "Proprietary-Documented Technology",
                "parser": "N/A",
                "notes": "Header reference to Microsoft's update service; a generic product name rather than a specific technical indicator.",
                "observable_id": 14
            },
            {
                "observable_value": "MS10-046",
                "observable_rank": "Described",
                "data_source": "None",
                "classification": "Vulnerability Bulletin",
                "STIX_supported": "Full: Vulnerability",
                "proprietary_artifact": "Open/Standard Technology",
                "parser": "N/A",
                "notes": "Microsoft Security Bulletin identifier for a vulnerability exploited by Stuxnet via USB drive infection.",
                "observable_id": 15
            },
            {
                "observable_value": "Siemens WinCC",
                "observable_rank": "Described",
                "data_source": "None",
                "classification": "Software/Tool",
                "STIX_supported": "Partial",
                "proprietary_artifact": "Proprietary-Documented Technology",
                "parser": "N/A",
                "notes": "Industrial control system software by Siemens mentioned as being in use in affected organizations.",
                "observable_id": 16
            },
            {
                "observable_value": "Step7",
                "observable_rank": "Described",
                "data_source": "None",
                "classification": "Software/Tool",
                "STIX_supported": "Partial",
                "proprietary_artifact": "Proprietary-Documented Technology",
                "parser": "N/A",
                "notes": "Siemens industrial automation software referenced alongside Siemens WinCC.",
                "observable_id": 17
            },
            {
                "observable_value": "MS08-067",
                "observable_rank": "Described",
                "data_source": "None",
                "classification": "Vulnerability Bulletin",
                "STIX_supported": "Full: Vulnerability",
                "proprietary_artifact": "Open/Standard Technology",
                "parser": "N/A",
                "notes": "Microsoft Security Bulletin identifier for a vulnerability referenced by Stuxnet malware, with its exploitation details not fully clear.",
                "observable_id": 18
            },
            {
                "observable_value": "USB drives",
                "observable_rank": "Mentioned",
                "data_source": "Endpoint (EDR) logs",
                "classification": "USB Device",
                "STIX_supported": "No",
                "proprietary_artifact": "Open/Standard Technology",
                "parser": "N/A",
                "notes": "Generic reference to removable storage devices that can be tracked via system or endpoint logs.",
                "observable_id": 19
            },
            {
                "observable_value": "thumb drives",
                "observable_rank": "Mentioned",
                "data_source": "Endpoint (EDR) logs",
                "classification": "USB Device",
                "STIX_supported": "No",
                "proprietary_artifact": "Open/Standard Technology",
                "parser": "N/A",
                "notes": "Alternate name for USB drives.",
                "observable_id": 20
            },
            {
                "observable_value": "removable media",
                "observable_rank": "Mentioned",
                "data_source": "Endpoint (EDR) logs",
                "classification": "Removable Media",
                "STIX_supported": "No",
                "proprietary_artifact": "Open/Standard Technology",
                "parser": "N/A",
                "notes": "Generic term referring to any media that can be removed from a computer, including USB drives.",
                "observable_id": 21
            },
            {
                "observable_value": "Siemens SIMATIC WinCC",
                "observable_rank": "Mentioned",
                "data_source": "Endpoint (EDR) logs",
                "classification": "ICS Software",
                "STIX_supported": "No",
                "proprietary_artifact": "Proprietary-Documented Technology",
                "parser": "N/A",
                "notes": "Siemens SIMATIC WinCC is an industrial HMI/SCADA software used in Siemens systems.",
                "observable_id": 22
            },
            {
                "observable_value": "STEP 7",
                "observable_rank": "Mentioned",
                "data_source": "Endpoint (EDR) logs",
                "classification": "ICS Software",
                "STIX_supported": "No",
                "proprietary_artifact": "Proprietary-Documented Technology",
                "parser": "N/A",
                "notes": "STEP 7 is a Siemens suite used for programming PLCs.",
                "observable_id": 23
            },
            {
                "observable_value": "Microsoft Patch",
                "observable_rank": "Mentioned",
                "data_source": "System logs (Windows Event)",
                "classification": "Patch",
                "STIX_supported": "No",
                "proprietary_artifact": "Proprietary-Documented Technology",
                "parser": "N/A",
                "notes": "Refers to a Microsoft security patch recommended for installation alongside the SysClean tool.",
                "observable_id": 24
            },
            {
                "observable_value": "SysClean tool",
                "observable_rank": "Mentioned",
                "data_source": "Endpoint (EDR) logs",
                "classification": "Software/Tool",
                "STIX_supported": "No",
                "proprietary_artifact": "Proprietary-Documented Technology",
                "parser": "N/A",
                "notes": "A tool used to remove remnant artifacts from a Stuxnet infection, notably mitigating infection spread to USB drives.",
                "observable_id": 25
            },
            {
                "observable_value": "SIMATIC Security Update",
                "observable_rank": "Mentioned",
                "data_source": "Endpoint (EDR) logs",
                "classification": "Software Update",
                "STIX_supported": "No",
                "proprietary_artifact": "Proprietary-Documented Technology",
                "parser": "N/A",
                "notes": "A security update recommended for systems running Siemens SIMATIC software.",
                "observable_id": 26
            },
            {
                "observable_value": "WinCC project files",
                "observable_rank": "Described",
                "data_source": "Endpoint (EDR) logs",
                "classification": "File",
                "STIX_supported": "Full: File",
                "proprietary_artifact": "Proprietary-Documented Technology",
                "parser": "N/A",
                "notes": "A generic reference to project files associated with WinCC that may be modified during an infection.",
                "observable_id": 27
            },
            {
                "observable_value": "1-844-Say-CISA",
                "observable_rank": "Actionable",
                "data_source": "None",
                "classification": "Phone Number",
                "STIX_supported": "No",
                "proprietary_artifact": "Open/Standard Technology",
                "parser": "N/A",
                "notes": "Vanity phone number provided for CISA contact.",
                "observable_id": 28
            },
            {
                "observable_value": "SayCISA@cisa.dhs.gov",
                "observable_rank": "Actionable",
                "data_source": "Email logs",
                "classification": "Email Address",
                "STIX_supported": "Full: Email Address",
                "proprietary_artifact": "Open/Standard Technology",
                "parser": "N/A",
                "notes": "Official CISA contact email.",
                "observable_id": 29
            },
            {
                "observable_value": "</privacy=policy>",
                "observable_rank": "Described",
                "data_source": "Web proxy logs",
                "classification": "URL Path",
                "STIX_supported": "Full: URL",
                "proprietary_artifact": "Open/Standard Technology",
                "parser": "N/A",
                "notes": "Relative URL fragment from the website footer referring to the privacy policy.",
                "observable_id": 30
            },
            {
                "observable_value": "USA.gov",
                "observable_rank": "Mentioned",
                "data_source": "DNS logs",
                "classification": "Domain",
                "STIX_supported": "Full: Domain Name",
                "proprietary_artifact": "Open/Standard Technology",
                "parser": "N/A",
                "notes": "Generic US government domain mentioned in the footer.",
                "observable_id": 31
            },
            {
                "observable_value": "</forms/feedback>",
                "observable_rank": "Described",
                "data_source": "Web proxy logs",
                "classification": "URL Path",
                "STIX_supported": "Full: URL",
                "proprietary_artifact": "Open/Standard Technology",
                "parser": "N/A",
                "notes": "Relative URL fragment from the website footer referencing the website feedback page.",
                "observable_id": 32
            }
        ]
    },
    "flamer-recipe-bluetoothache.md": {
        "observables": [
            {
                "observable_value": "search",
                "observable_rank": "Mentioned",
                "data_source": "None",
                "classification": "Generic Text",
                "STIX_supported": "No",
                "proprietary_artifact": "Open/Standard Technology",
                "parser": "N/A",
                "notes": "A generic text string extracted from the snippet. It lacks specific technical context to be actionable.",
                "observable_id": 1
            },
            {
                "observable_value": "\u0cb0",
                "observable_rank": "Mentioned",
                "data_source": "None",
                "classification": "Generic Text",
                "STIX_supported": "No",
                "proprietary_artifact": "Open/Standard Technology",
                "parser": "N/A",
                "notes": "An isolated Unicode character extracted from the snippet without actionable threat intelligence context.",
                "observable_id": 2
            },
            {
                "observable_value": "VMware Tanzu Platform",
                "observable_rank": "Mentioned",
                "data_source": "None",
                "classification": "Software/Tool",
                "STIX_supported": "Full: Software",
                "proprietary_artifact": "Proprietary-Documented Technology",
                "parser": "N/A",
                "notes": "Refers to the VMware enterprise platform that helps accelerate application delivery by integrating development and IT operations processes.",
                "observable_id": 3
            },
            {
                "observable_value": "VMware Cloud Foundation",
                "observable_rank": "Mentioned",
                "data_source": "None",
                "classification": "Software/Tool",
                "STIX_supported": "No",
                "proprietary_artifact": "Proprietary-Documented Technology",
                "parser": "N/A",
                "notes": "Product name appears in the header and as a category reference.",
                "observable_id": 4
            },
            {
                "observable_value": "VMware vSphere Foundation 9.0 Beta Lau ...",
                "observable_rank": "Mentioned",
                "data_source": "None",
                "classification": "Software/Tool",
                "STIX_supported": "No",
                "proprietary_artifact": "Proprietary-Documented Technology",
                "parser": "N/A",
                "notes": "Truncated subject line likely referring to a beta version of a VMware product.",
                "observable_id": 5
            },
            {
                "observable_value": "Broadcom",
                "observable_rank": "Mentioned",
                "data_source": "None",
                "classification": "Software/Tool",
                "STIX_supported": "No",
                "proprietary_artifact": "Proprietary-Documented Technology",
                "parser": "N/A",
                "notes": "Mentioned in the context of an issue with changing an email address.",
                "observable_id": 6
            },
            {
                "observable_value": "SSO login",
                "observable_rank": "Mentioned",
                "data_source": "None",
                "classification": "Authentication Mechanism",
                "STIX_supported": "No",
                "proprietary_artifact": "Open/Standard Technology",
                "parser": "N/A",
                "notes": "Generic reference to a single sign-on mechanism; not unique enough for direct detection.",
                "observable_id": 7
            },
            {
                "observable_value": "cookies",
                "observable_rank": "Mentioned",
                "data_source": "Web proxy logs",
                "classification": "HTTP Cookie",
                "STIX_supported": "No",
                "proprietary_artifact": "Open/Standard Technology",
                "parser": "N/A",
                "notes": "Generic reference to website cookies used for analytics, user experience, and advertising.",
                "observable_id": 8
            },
            {
                "observable_value": "Cookie Notice",
                "observable_rank": "Mentioned",
                "data_source": "Web proxy logs",
                "classification": "Cookie Policy Document",
                "STIX_supported": "No",
                "proprietary_artifact": "Open/Standard Technology",
                "parser": "N/A",
                "notes": "Reference to the document describing cookie usage on the site.",
                "observable_id": 9
            }
        ]
    }
}