{
    "McAfee ATR Analyzes Sodinokibi aka REvil Ransomware-as-a-Service - What The Code Tells Us _ McAfee Blog.md": {
        "observables": [
            {
                "observable_value": "McAfee ATR",
                "observable_rank": "Mentioned",
                "data_source": "None",
                "classification": "Software/Tool",
                "STIX_supported": "No",
                "proprietary_artifact": "Proprietary-Documented Technology",
                "parser": "N/A",
                "notes": "Product/tool mentioned in the CTI report title.",
                "observable_id": 1
            },
            {
                "observable_value": "Sodinokibi",
                "observable_rank": "Mentioned",
                "data_source": "None",
                "classification": "Ransomware",
                "STIX_supported": "No",
                "proprietary_artifact": "Open/Standard Technology",
                "parser": "N/A",
                "notes": "Ransomware family name mentioned in the CTI report title.",
                "observable_id": 2
            },
            {
                "observable_value": "REvil",
                "observable_rank": "Mentioned",
                "data_source": "None",
                "classification": "Ransomware",
                "STIX_supported": "No",
                "proprietary_artifact": "Open/Standard Technology",
                "parser": "N/A",
                "notes": "Alias for Sodinokibi ransomware mentioned in the CTI report title.",
                "observable_id": 3
            },
            {
                "observable_value": "McAfee Labs",
                "observable_rank": "Mentioned",
                "data_source": "None",
                "classification": "Cybersecurity Organization",
                "STIX_supported": "No",
                "proprietary_artifact": "Proprietary-Documented Technology",
                "parser": "N/A",
                "notes": "Organization mentioned in the CTI report.",
                "observable_id": 4
            },
            {
                "observable_value": "Sodinokibi",
                "observable_rank": "Mentioned",
                "data_source": "None",
                "classification": "Ransomware",
                "STIX_supported": "Full: Malware",
                "proprietary_artifact": "Open/Standard Technology",
                "parser": "N/A",
                "notes": "Sodinokibi is mentioned as a new ransomware family and is also known by the alias REvil.",
                "observable_id": 5
            },
            {
                "observable_value": "REvil",
                "observable_rank": "Mentioned",
                "data_source": "None",
                "classification": "Ransomware",
                "STIX_supported": "Full: Malware",
                "proprietary_artifact": "Open/Standard Technology",
                "parser": "N/A",
                "notes": "REvil is provided as an alternate name for the Sodinokibi ransomware family.",
                "observable_id": 6
            },
            {
                "observable_value": "GandCrab",
                "observable_rank": "Mentioned",
                "data_source": "None",
                "classification": "Ransomware",
                "STIX_supported": "Full: Malware",
                "proprietary_artifact": "Open/Standard Technology",
                "parser": "N/A",
                "notes": "GandCrab is referenced as a ransomware group that had announced its shutdown.",
                "observable_id": 7
            },
            {
                "observable_value": "Sodinokibi",
                "observable_rank": "Mentioned",
                "data_source": "None",
                "classification": "Malware Family",
                "STIX_supported": "No",
                "proprietary_artifact": "Open/Standard Technology",
                "parser": "N/A",
                "notes": "Malware family name mentioned in the report.",
                "observable_id": 8
            },
            {
                "observable_value": "REvil",
                "observable_rank": "Mentioned",
                "data_source": "None",
                "classification": "Malware Family",
                "STIX_supported": "No",
                "proprietary_artifact": "Open/Standard Technology",
                "parser": "N/A",
                "notes": "Alias for the ransomware family Sodinokibi.",
                "observable_id": 9
            },
            {
                "observable_value": "ccfde149220e87e97198c23fb8115d5a",
                "observable_rank": "Actionable",
                "data_source": "Endpoint (EDR) logs",
                "classification": "File Hash",
                "STIX_supported": "Full: File",
                "proprietary_artifact": "Open/Standard Technology",
                "parser": "N/A",
                "notes": "MD5 hash extracted from the malware sample context.",
                "observable_id": 10
            },
            {
                "observable_value": "Sodinokibi.exe",
                "observable_rank": "Actionable",
                "data_source": "Endpoint (EDR) logs",
                "classification": "File Name",
                "STIX_supported": "Full: File",
                "proprietary_artifact": "Open/Standard Technology",
                "parser": "N/A",
                "notes": "Internal file name associated with the malware sample.",
                "observable_id": 11
            },
            {
                "observable_value": "Sodinokibi",
                "observable_rank": "Mentioned",
                "data_source": "None",
                "classification": "Ransomware",
                "STIX_supported": "Full: Malware",
                "proprietary_artifact": "Open/Standard Technology",
                "parser": "N/A",
                "notes": "Name of a ransomware family referenced in the report.",
                "observable_id": 12
            },
            {
                "observable_value": "GandCrab",
                "observable_rank": "Mentioned",
                "data_source": "None",
                "classification": "Ransomware",
                "STIX_supported": "Full: Malware",
                "proprietary_artifact": "Open/Standard Technology",
                "parser": "N/A",
                "notes": "Name of a ransomware family mentioned in relation to Sodinokibi in the code comparison analysis.",
                "observable_id": 13
            },
            {
                "observable_value": "32-bit binary",
                "observable_rank": "Mentioned",
                "data_source": "None",
                "classification": "Malware Binary",
                "STIX_supported": "Full: File",
                "proprietary_artifact": "Open/Standard Technology",
                "parser": "N/A",
                "notes": "Describes the malware sample\u2019s architecture; however, as a generic descriptor it is not uniquely actionable.",
                "observable_id": 14
            },
            {
                "observable_value": "Visual C++",
                "observable_rank": "Mentioned",
                "data_source": "None",
                "classification": "Software/Tool (Compiler)",
                "STIX_supported": "Full: Software",
                "proprietary_artifact": "Proprietary-Documented Technology",
                "parser": "N/A",
                "notes": "Indicates the programming environment used for the packer; a generic reference not directly actionable for detection.",
                "observable_id": 15
            },
            {
                "observable_value": "pure assembly",
                "observable_rank": "Mentioned",
                "data_source": "None",
                "classification": "Programming Language",
                "STIX_supported": "No",
                "proprietary_artifact": "Open/Standard Technology",
                "parser": "N/A",
                "notes": "Indicates that the malware itself is written in assembly language, a generic characteristic rather than a unique indicator.",
                "observable_id": 16
            },
            {
                "observable_value": "mysql.exe",
                "observable_rank": "Described",
                "data_source": "Endpoint (EDR) logs",
                "classification": "Process",
                "STIX_supported": "Full: Process",
                "proprietary_artifact": "Open/Standard Technology",
                "parser": "N/A",
                "notes": "Example process name used in the config field for processes to kill.",
                "observable_id": 17
            },
            {
                "observable_value": "CVE-2018-8453",
                "observable_rank": "Actionable",
                "data_source": "None",
                "classification": "Exploit Vulnerability",
                "STIX_supported": "No",
                "proprietary_artifact": "Open/Standard Technology",
                "parser": "N/A",
                "notes": "Exploit identifier used when the config 'exp' is true.",
                "observable_id": 18
            },
            {
                "observable_value": "Explorer.exe",
                "observable_rank": "Described",
                "data_source": "Endpoint (EDR) logs",
                "classification": "Process",
                "STIX_supported": "Full: Process",
                "proprietary_artifact": "Open/Standard Technology",
                "parser": "N/A",
                "notes": "Common system process used for token impersonation during privilege checks.",
                "observable_id": 19
            },
            {
                "observable_value": "SOFTWARE \\recfg",
                "observable_rank": "Actionable",
                "data_source": "System logs (Windows Event)",
                "classification": "Registry Key",
                "STIX_supported": "Full: Windows Registry Key",
                "proprietary_artifact": "Open/Standard Technology",
                "parser": "Sysmon",
                "notes": "Registry subkey where the malware writes configuration keys (e.g., 0_key, sk_key, etc.).",
                "observable_id": 20
            },
            {
                "observable_value": "0x818 Romanian (Moldova)",
                "observable_rank": "Mentioned",
                "data_source": "None",
                "classification": "Language Identifier",
                "STIX_supported": "No",
                "proprietary_artifact": "Open/Standard Technology",
                "parser": "N/A",
                "notes": "Language identifier used by the malware to blacklist systems with this language setting.",
                "observable_id": 21
            },
            {
                "observable_value": "0x419 Russian",
                "observable_rank": "Mentioned",
                "data_source": "None",
                "classification": "Language Identifier",
                "STIX_supported": "No",
                "proprietary_artifact": "Open/Standard Technology",
                "parser": "N/A",
                "notes": "Language identifier used by the malware to blacklist systems with this language setting.",
                "observable_id": 22
            },
            {
                "observable_value": "0x819 - Russian (Moldova)",
                "observable_rank": "Mentioned",
                "data_source": "None",
                "classification": "Language Identifier",
                "STIX_supported": "No",
                "proprietary_artifact": "Open/Standard Technology",
                "parser": "N/A",
                "notes": "Language identifier used by the malware to blacklist systems with this language setting.",
                "observable_id": 23
            },
            {
                "observable_value": "0x422 Ukrainian",
                "observable_rank": "Mentioned",
                "data_source": "None",
                "classification": "Language Identifier",
                "STIX_supported": "No",
                "proprietary_artifact": "Open/Standard Technology",
                "parser": "N/A",
                "notes": "Language identifier used by the malware to blacklist systems with this language setting.",
                "observable_id": 24
            },
            {
                "observable_value": "0x423 = Belarusian",
                "observable_rank": "Mentioned",
                "data_source": "None",
                "classification": "Language Identifier",
                "STIX_supported": "No",
                "proprietary_artifact": "Open/Standard Technology",
                "parser": "N/A",
                "notes": "Language identifier used by the malware to blacklist systems with this language setting.",
                "observable_id": 25
            },
            {
                "observable_value": "0x425 = Estonian",
                "observable_rank": "Mentioned",
                "data_source": "None",
                "classification": "Language Identifier",
                "STIX_supported": "No",
                "proprietary_artifact": "Open/Standard Technology",
                "parser": "N/A",
                "notes": "Language identifier used by the malware to blacklist systems with this language setting.",
                "observable_id": 26
            },
            {
                "observable_value": "0x426 Latvian o",
                "observable_rank": "Mentioned",
                "data_source": "None",
                "classification": "Language Identifier",
                "STIX_supported": "No",
                "proprietary_artifact": "Open/Standard Technology",
                "parser": "N/A",
                "notes": "Language identifier used by the malware to blacklist systems with this language setting.",
                "observable_id": 27
            },
            {
                "observable_value": "0x427 Lithuanian",
                "observable_rank": "Mentioned",
                "data_source": "None",
                "classification": "Language Identifier",
                "STIX_supported": "No",
                "proprietary_artifact": "Open/Standard Technology",
                "parser": "N/A",
                "notes": "Language identifier used by the malware to blacklist systems with this language setting.",
                "observable_id": 28
            },
            {
                "observable_value": "0x428 Tajik",
                "observable_rank": "Mentioned",
                "data_source": "None",
                "classification": "Language Identifier",
                "STIX_supported": "No",
                "proprietary_artifact": "Open/Standard Technology",
                "parser": "N/A",
                "notes": "Language identifier used by the malware to blacklist systems with this language setting.",
                "observable_id": 29
            },
            {
                "observable_value": "0x429 = Persian",
                "observable_rank": "Mentioned",
                "data_source": "None",
                "classification": "Language Identifier",
                "STIX_supported": "No",
                "proprietary_artifact": "Open/Standard Technology",
                "parser": "N/A",
                "notes": "Language identifier used by the malware to blacklist systems with this language setting.",
                "observable_id": 30
            },
            {
                "observable_value": "0x42B = Armenian",
                "observable_rank": "Mentioned",
                "data_source": "None",
                "classification": "Language Identifier",
                "STIX_supported": "No",
                "proprietary_artifact": "Open/Standard Technology",
                "parser": "N/A",
                "notes": "Language identifier used by the malware to blacklist systems with this language setting.",
                "observable_id": 31
            },
            {
                "observable_value": "0x42C Azeri",
                "observable_rank": "Mentioned",
                "data_source": "None",
                "classification": "Language Identifier",
                "STIX_supported": "No",
                "proprietary_artifact": "Open/Standard Technology",
                "parser": "N/A",
                "notes": "Language identifier used by the malware to blacklist systems with this language setting.",
                "observable_id": 32
            },
            {
                "observable_value": "0x437 Georgian",
                "observable_rank": "Mentioned",
                "data_source": "None",
                "classification": "Language Identifier",
                "STIX_supported": "No",
                "proprietary_artifact": "Open/Standard Technology",
                "parser": "N/A",
                "notes": "Language identifier used by the malware to blacklist systems with this language setting.",
                "observable_id": 33
            },
            {
                "observable_value": "0x43F Kazakh",
                "observable_rank": "Mentioned",
                "data_source": "None",
                "classification": "Language Identifier",
                "STIX_supported": "No",
                "proprietary_artifact": "Open/Standard Technology",
                "parser": "N/A",
                "notes": "Language identifier used by the malware to blacklist systems with this language setting.",
                "observable_id": 34
            },
            {
                "observable_value": "0x440 Kyrgyz",
                "observable_rank": "Mentioned",
                "data_source": "None",
                "classification": "Language Identifier",
                "STIX_supported": "No",
                "proprietary_artifact": "Open/Standard Technology",
                "parser": "N/A",
                "notes": "Language identifier used by the malware to blacklist systems with this language setting.",
                "observable_id": 35
            },
            {
                "observable_value": "0x442 -Turkmen",
                "observable_rank": "Mentioned",
                "data_source": "None",
                "classification": "Language Identifier",
                "STIX_supported": "No",
                "proprietary_artifact": "Open/Standard Technology",
                "parser": "N/A",
                "notes": "Language identifier used by the malware to blacklist systems with this language setting.",
                "observable_id": 36
            },
            {
                "observable_value": "0x443 Uzbek",
                "observable_rank": "Mentioned",
                "data_source": "None",
                "classification": "Language Identifier",
                "STIX_supported": "No",
                "proprietary_artifact": "Open/Standard Technology",
                "parser": "N/A",
                "notes": "Language identifier used by the malware to blacklist systems with this language setting.",
                "observable_id": 37
            },
            {
                "observable_value": "0x444 Tatar",
                "observable_rank": "Mentioned",
                "data_source": "None",
                "classification": "Language Identifier",
                "STIX_supported": "No",
                "proprietary_artifact": "Open/Standard Technology",
                "parser": "N/A",
                "notes": "Language identifier used by the malware to blacklist systems with this language setting.",
                "observable_id": 38
            },
            {
                "observable_value": "0x45A Syrian",
                "observable_rank": "Mentioned",
                "data_source": "None",
                "classification": "Language Identifier",
                "STIX_supported": "No",
                "proprietary_artifact": "Open/Standard Technology",
                "parser": "N/A",
                "notes": "Language identifier used by the malware to blacklist systems with this language setting.",
                "observable_id": 39
            },
            {
                "observable_value": "0x2801 Arabic (Syria)",
                "observable_rank": "Mentioned",
                "data_source": "None",
                "classification": "Language Identifier",
                "STIX_supported": "No",
                "proprietary_artifact": "Open/Standard Technology",
                "parser": "N/A",
                "notes": "Language identifier used by the malware to blacklist systems with this language setting.",
                "observable_id": 40
            },
            {
                "observable_value": "Sodinokibi",
                "observable_rank": "Mentioned",
                "data_source": "None",
                "classification": "Malware Family",
                "STIX_supported": "No",
                "proprietary_artifact": "Open/Standard Technology",
                "parser": "N/A",
                "notes": "Malware family name mentioned for comparison.",
                "observable_id": 41
            },
            {
                "observable_value": "GandCrab",
                "observable_rank": "Mentioned",
                "data_source": "None",
                "classification": "Malware Family",
                "STIX_supported": "No",
                "proprietary_artifact": "Open/Standard Technology",
                "parser": "N/A",
                "notes": "Malware family name mentioned for comparison.",
                "observable_id": 42
            },
            {
                "observable_value": "Anatova",
                "observable_rank": "Mentioned",
                "data_source": "None",
                "classification": "Malware Family",
                "STIX_supported": "No",
                "proprietary_artifact": "Open/Standard Technology",
                "parser": "N/A",
                "notes": "Malware family name mentioned for comparison.",
                "observable_id": 43
            },
            {
                "observable_value": "exe /c vssadmin.exe Delete Shadows /All /Quiet & bcdedit /set {default} recoveryenabled No & bcdedit /set {default} bootstatuspolicy ignoreallfailures",
                "observable_rank": "Actionable",
                "data_source": "Endpoint (EDR) logs",
                "classification": "Command Line",
                "STIX_supported": "No",
                "proprietary_artifact": "Open/Standard Technology",
                "parser": "N/A",
                "notes": "Command executed to delete shadow volumes and disable boot recovery.",
                "observable_id": 44
            },
            {
                "observable_value": "unpacked Sodinokibi sample",
                "observable_rank": "Mentioned",
                "data_source": "Endpoint (EDR) logs",
                "classification": "Ransomware Family Sample",
                "STIX_supported": "Full: Malware",
                "proprietary_artifact": "Open/Standard Technology",
                "parser": "N/A",
                "notes": "Refers to the unpacked sample of the Sodinokibi ransomware used in the code comparison analysis.",
                "observable_id": 45
            },
            {
                "observable_value": "v5.03 version of GandCrab",
                "observable_rank": "Mentioned",
                "data_source": "Endpoint (EDR) logs",
                "classification": "Ransomware Family Sample",
                "STIX_supported": "Full: Malware",
                "proprietary_artifact": "Open/Standard Technology",
                "parser": "N/A",
                "notes": "Specifies the GandCrab ransomware sample (version 5.03) used for the analysis.",
                "observable_id": 46
            },
            {
                "observable_value": "leaked GandCrab source code",
                "observable_rank": "Mentioned",
                "data_source": "Endpoint (EDR) logs",
                "classification": "Ransomware Source Code",
                "STIX_supported": "Full: Malware",
                "proprietary_artifact": "Open/Standard Technology",
                "parser": "N/A",
                "notes": "Indicates reference to the GandCrab source code that was reportedly leaked and may have influenced subsequent ransomware developments.",
                "observable_id": 47
            },
            {
                "observable_value": "IDA",
                "observable_rank": "Mentioned",
                "data_source": "Endpoint (EDR) logs",
                "classification": "Software/Tool",
                "STIX_supported": "No",
                "proprietary_artifact": "Open/Standard Technology",
                "parser": "N/A",
                "notes": "Reverse engineering tool used in the code analysis.",
                "observable_id": 48
            },
            {
                "observable_value": "BinDiff",
                "observable_rank": "Mentioned",
                "data_source": "Endpoint (EDR) logs",
                "classification": "Software/Tool",
                "STIX_supported": "No",
                "proprietary_artifact": "Open/Standard Technology",
                "parser": "N/A",
                "notes": "Binary diffing tool employed to compare code similarities between the malware samples.",
                "observable_id": 49
            },
            {
                "observable_value": "Sodinokibi",
                "observable_rank": "Mentioned",
                "data_source": "None",
                "classification": "Ransomware",
                "STIX_supported": "Full: Malware",
                "proprietary_artifact": "Open/Standard Technology",
                "parser": "N/A",
                "notes": "Ransomware family mentioned in the report indicating a threat that shares similarities with GandCrab.",
                "observable_id": 50
            },
            {
                "observable_value": "GandCrab",
                "observable_rank": "Mentioned",
                "data_source": "None",
                "classification": "Ransomware",
                "STIX_supported": "Full: Malware",
                "proprietary_artifact": "Open/Standard Technology",
                "parser": "N/A",
                "notes": "Ransomware family mentioned in the analysis comparing it with Sodinokibi.",
                "observable_id": 51
            },
            {
                "observable_value": "Ransom-REvil!",
                "observable_rank": "Mentioned",
                "data_source": "None",
                "classification": "Ransomware",
                "STIX_supported": "Full: Malware",
                "proprietary_artifact": "Open/Standard Technology",
                "parser": "N/A",
                "notes": "Bullet-pointed ransomware reference included at the end of the snippet.",
                "observable_id": 52
            },
            {
                "observable_value": "File and Directory Discovery",
                "observable_rank": "Mentioned",
                "data_source": "None",
                "classification": "MITRE ATT&CK Technique",
                "STIX_supported": "No",
                "proprietary_artifact": "Open/Standard Technology",
                "parser": "N/A",
                "notes": "Technique from the MITRE ATT&CK framework mentioned in the CTI report.",
                "observable_id": 53
            },
            {
                "observable_value": "File Deletion \u25cf",
                "observable_rank": "Mentioned",
                "data_source": "None",
                "classification": "MITRE ATT&CK Technique",
                "STIX_supported": "No",
                "proprietary_artifact": "Open/Standard Technology",
                "parser": "N/A",
                "notes": "Technique from the MITRE ATT&CK framework mentioned in the CTI report.",
                "observable_id": 54
            },
            {
                "observable_value": "Modify Registry .",
                "observable_rank": "Mentioned",
                "data_source": "None",
                "classification": "MITRE ATT&CK Technique",
                "STIX_supported": "No",
                "proprietary_artifact": "Open/Standard Technology",
                "parser": "N/A",
                "notes": "Technique from the MITRE ATT&CK framework mentioned in the CTI report.",
                "observable_id": 55
            },
            {
                "observable_value": "Query Registry \u25cf",
                "observable_rank": "Mentioned",
                "data_source": "None",
                "classification": "MITRE ATT&CK Technique",
                "STIX_supported": "No",
                "proprietary_artifact": "Open/Standard Technology",
                "parser": "N/A",
                "notes": "Technique from the MITRE ATT&CK framework mentioned in the CTI report.",
                "observable_id": 56
            },
            {
                "observable_value": "Registry modification .",
                "observable_rank": "Mentioned",
                "data_source": "None",
                "classification": "MITRE ATT&CK Technique",
                "STIX_supported": "No",
                "proprietary_artifact": "Open/Standard Technology",
                "parser": "N/A",
                "notes": "Technique from the MITRE ATT&CK framework mentioned in the CTI report.",
                "observable_id": 57
            },
            {
                "observable_value": "Query information of the user .",
                "observable_rank": "Mentioned",
                "data_source": "None",
                "classification": "MITRE ATT&CK Technique",
                "STIX_supported": "No",
                "proprietary_artifact": "Open/Standard Technology",
                "parser": "N/A",
                "notes": "Technique from the MITRE ATT&CK framework mentioned in the CTI report.",
                "observable_id": 58
            },
            {
                "observable_value": "Crypt Files \u25cf",
                "observable_rank": "Mentioned",
                "data_source": "None",
                "classification": "MITRE ATT&CK Technique",
                "STIX_supported": "No",
                "proprietary_artifact": "Open/Standard Technology",
                "parser": "N/A",
                "notes": "Technique from the MITRE ATT&CK framework mentioned in the CTI report.",
                "observable_id": 59
            },
            {
                "observable_value": "Destroy Files \u25cf",
                "observable_rank": "Mentioned",
                "data_source": "None",
                "classification": "MITRE ATT&CK Technique",
                "STIX_supported": "No",
                "proprietary_artifact": "Open/Standard Technology",
                "parser": "N/A",
                "notes": "Technique from the MITRE ATT&CK framework mentioned in the CTI report.",
                "observable_id": 60
            },
            {
                "observable_value": "\u00b7 Make C2 connections to send information of the victim",
                "observable_rank": "Mentioned",
                "data_source": "None",
                "classification": "MITRE ATT&CK Technique",
                "STIX_supported": "No",
                "proprietary_artifact": "Open/Standard Technology",
                "parser": "N/A",
                "notes": "Technique from the MITRE ATT&CK framework mentioned in the CTI report.",
                "observable_id": 61
            },
            {
                "observable_value": "Modify system configuration",
                "observable_rank": "Mentioned",
                "data_source": "None",
                "classification": "MITRE ATT&CK Technique",
                "STIX_supported": "No",
                "proprietary_artifact": "Open/Standard Technology",
                "parser": "N/A",
                "notes": "Technique from the MITRE ATT&CK framework mentioned in the CTI report.",
                "observable_id": 62
            },
            {
                "observable_value": "Elevate privileges",
                "observable_rank": "Mentioned",
                "data_source": "None",
                "classification": "MITRE ATT&CK Technique",
                "STIX_supported": "No",
                "proprietary_artifact": "Open/Standard Technology",
                "parser": "N/A",
                "notes": "Technique from the MITRE ATT&CK framework mentioned in the CTI report.",
                "observable_id": 63
            },
            {
                "observable_value": "```\nrule Sodinokobi\n{\n1*\nThis rule detects Sodinokobi Ransomware in memory in old samples and perhaps\nfuture.\n* /\nmeta:\nauthor\n          = \"McAfee ATR team\"\nversion \n         = \"1.0\"\ndescription = \"This rule detect Sodinokobi Ransomware in memory in old samples and\nperhaps future.\"\nstrings:\n$a = { 40 0F B6 C8 89 4D FC 8A 94 0D FC FE FF FF 0F B6 C2 03 C6 0F B6 F0 8A 84 35 FC\nFE FF FF 88 84 0D FC FE FF FF 88 94 35 FC FF FF 0F B6 8C 0D FC FE FF FF }\n$b = { 0F B6 C2 03 C8 8B 45 14 0F B6 C9 8A 8C 0D FC FE FF FF 32 0C 07 88 08 40 89 45\n14 8B 45 FC 83 EB 01 75 AA }\ncondition:\nall of them\n}\n```",
                "observable_rank": "Actionable",
                "data_source": "None",
                "classification": "YARA Rule",
                "STIX_supported": "No",
                "proprietary_artifact": "Open/Standard Technology",
                "parser": "YARA",
                "notes": "Complete YARA rule as provided in the CTI report.",
                "observable_id": 64
            },
            {
                "observable_value": "40 0F B6 C8 89 4D FC 8A 94 0D FC FE FF FF 0F B6 C2 03 C6 0F B6 F0 8A 84 35 FC FE FF FF 88 84 0D FC FE FF FF 88 94 35 FC FF FF 0F B6 8C 0D FC FE FF FF",
                "observable_rank": "Actionable",
                "data_source": "None",
                "classification": "Hex Pattern",
                "STIX_supported": "No",
                "proprietary_artifact": "Open/Standard Technology",
                "parser": "N/A",
                "notes": "Extracted from the 'strings' section ($a) of the YARA rule.",
                "observable_id": 65
            },
            {
                "observable_value": "0F B6 C2 03 C8 8B 45 14 0F B6 C9 8A 8C 0D FC FE FF FF 32 0C 07 88 08 40 89 45 14 8B 45 FC 83 EB 01 75 AA",
                "observable_rank": "Actionable",
                "data_source": "None",
                "classification": "Hex Pattern",
                "STIX_supported": "No",
                "proprietary_artifact": "Open/Standard Technology",
                "parser": "N/A",
                "notes": "Extracted from the 'strings' section ($b) of the YARA rule.",
                "observable_id": 66
            },
            {
                "observable_value": "McAfee",
                "observable_rank": "Mentioned",
                "data_source": "None",
                "classification": "Software/Tool",
                "STIX_supported": "No",
                "proprietary_artifact": "Proprietary-Documented Technology",
                "parser": null,
                "notes": "This appears as a markdown header referencing the cybersecurity vendor/product 'McAfee', which is a generic reference rather than a technical artifact suitable for direct detection.",
                "observable_id": 67
            },
            {
                "observable_value": "McAfee+",
                "observable_rank": "Mentioned",
                "data_source": "None",
                "classification": "Software/Tool",
                "STIX_supported": "No",
                "proprietary_artifact": "Proprietary-Documented Technology",
                "parser": "N/A",
                "notes": "This is a mention of a commercial identity theft protection product in a marketing context, not a specific technical indicator for detection.",
                "observable_id": 68
            },
            {
                "observable_value": "PayPal",
                "observable_rank": "Mentioned",
                "data_source": "Web proxy logs",
                "classification": "Online Payment Platform",
                "STIX_supported": "No",
                "proprietary_artifact": "Proprietary-Documented Technology",
                "parser": "N/A",
                "notes": "Referenced as an online payment platform in the context of scams; not a unique indicator for direct detection.",
                "observable_id": 69
            },
            {
                "observable_value": ".NET",
                "observable_rank": "Mentioned",
                "data_source": "None",
                "classification": "Software Framework",
                "STIX_supported": "No",
                "proprietary_artifact": "Open/Standard Technology",
                "parser": "N/A",
                "notes": "Refers to the Microsoft .NET framework; a generic technology not suited as a standalone detection indicator.",
                "observable_id": 70
            },
            {
                "observable_value": "McAfee+\u2122 Individual",
                "observable_rank": "Described",
                "data_source": "Web proxy logs",
                "classification": "Software/Tool",
                "STIX_supported": "Full: Software",
                "proprietary_artifact": "Proprietary-Documented Technology",
                "parser": "N/A",
                "notes": "Extracted from the corporate products listing table.",
                "observable_id": 71
            },
            {
                "observable_value": "McAfee+\u2122 Family",
                "observable_rank": "Described",
                "data_source": "Web proxy logs",
                "classification": "Software/Tool",
                "STIX_supported": "Full: Software",
                "proprietary_artifact": "Proprietary-Documented Technology",
                "parser": "N/A",
                "notes": "Extracted from the corporate products listing table.",
                "observable_id": 72
            },
            {
                "observable_value": "McAfee\u00ae Total Protection",
                "observable_rank": "Described",
                "data_source": "Web proxy logs",
                "classification": "Software/Tool",
                "STIX_supported": "Full: Software",
                "proprietary_artifact": "Proprietary-Documented Technology",
                "parser": "N/A",
                "notes": "Extracted from the corporate products listing table.",
                "observable_id": 73
            },
            {
                "observable_value": "McAfee\u00ae Antivirus",
                "observable_rank": "Described",
                "data_source": "Web proxy logs",
                "classification": "Software/Tool",
                "STIX_supported": "Full: Software",
                "proprietary_artifact": "Proprietary-Documented Technology",
                "parser": "N/A",
                "notes": "Extracted from the corporate products listing table.",
                "observable_id": 74
            },
            {
                "observable_value": "McAfee\u00ae Safe Connect",
                "observable_rank": "Described",
                "data_source": "Web proxy logs",
                "classification": "Software/Tool",
                "STIX_supported": "Full: Software",
                "proprietary_artifact": "Proprietary-Documented Technology",
                "parser": "N/A",
                "notes": "Extracted from the corporate products listing table.",
                "observable_id": 75
            },
            {
                "observable_value": "McAfee\u00ae PC Optimizer",
                "observable_rank": "Described",
                "data_source": "Web proxy logs",
                "classification": "Software/Tool",
                "STIX_supported": "Full: Software",
                "proprietary_artifact": "Proprietary-Documented Technology",
                "parser": "N/A",
                "notes": "Extracted from the corporate products listing table.",
                "observable_id": 76
            },
            {
                "observable_value": "McAfee\u00ae TechMaster",
                "observable_rank": "Described",
                "data_source": "Web proxy logs",
                "classification": "Software/Tool",
                "STIX_supported": "Full: Software",
                "proprietary_artifact": "Proprietary-Documented Technology",
                "parser": "N/A",
                "notes": "Extracted from the corporate products listing table.",
                "observable_id": 77
            },
            {
                "observable_value": "McAfee\u00ae Mobile Security",
                "observable_rank": "Described",
                "data_source": "Web proxy logs",
                "classification": "Software/Tool",
                "STIX_supported": "Full: Software",
                "proprietary_artifact": "Proprietary-Documented Technology",
                "parser": "N/A",
                "notes": "Extracted from the corporate products listing table.",
                "observable_id": 78
            }
        ]
    },
    "TA17-181A.md": {
        "observables": [
            {
                "observable_value": "Petya Ransomware",
                "observable_rank": "Mentioned",
                "data_source": "None",
                "classification": "Malware Family",
                "STIX_supported": "No",
                "proprietary_artifact": "Open/Standard Technology",
                "parser": "N/A",
                "notes": "Refers to the name of a ransomware family mentioned in the report.",
                "observable_id": 1
            },
            {
                "observable_value": "TA17-181A",
                "observable_rank": "Mentioned",
                "data_source": "None",
                "classification": "Alert Code",
                "STIX_supported": "No",
                "proprietary_artifact": "Open/Standard Technology",
                "parser": "N/A",
                "notes": "An alert identifier referenced in the report.",
                "observable_id": 2
            },
            {
                "observable_value": "Microsoft Windows operating systems",
                "observable_rank": "Mentioned",
                "data_source": "Endpoint (EDR) logs",
                "classification": "Operating System",
                "STIX_supported": "No",
                "proprietary_artifact": "Proprietary-Documented Technology",
                "parser": "N/A",
                "notes": "Refers to a generic operating system environment impacted by the threat. This artifact is not unique enough for direct detection rules.",
                "observable_id": 3
            },
            {
                "observable_value": "MIFR-10130295.pdf </sites/default/files/publications/mifr-10130295.pdf>",
                "observable_rank": "Actionable",
                "data_source": "Web proxy logs",
                "classification": "File",
                "STIX_supported": "Full: File",
                "proprietary_artifact": "Open/Standard Technology",
                "parser": "N/A",
                "notes": "CTI published PDF document.",
                "observable_id": 4
            },
            {
                "observable_value": "MIFR-10130295_stix.xml </sites/default/files/publications/mifr-10130295_stix.xml>",
                "observable_rank": "Actionable",
                "data_source": "Web proxy logs",
                "classification": "File",
                "STIX_supported": "Full: File",
                "proprietary_artifact": "Open/Standard Technology",
                "parser": "N/A",
                "notes": "CTI published STIX XML file.",
                "observable_id": 5
            },
            {
                "observable_value": "TA-17-181B_IOCS.CSV </sites/default/files/publications/ta-17-181b_iocs.csv>",
                "observable_rank": "Actionable",
                "data_source": "Web proxy logs",
                "classification": "File",
                "STIX_supported": "Full: File",
                "proprietary_artifact": "Open/Standard Technology",
                "parser": "N/A",
                "notes": "CTI published CSV file containing IOCs.",
                "observable_id": 6
            },
            {
                "observable_value": "PsExec",
                "observable_rank": "Described",
                "data_source": "Endpoint (EDR) logs",
                "classification": "Software/Tool",
                "STIX_supported": "No",
                "proprietary_artifact": "Proprietary-Documented Technology",
                "parser": "N/A",
                "notes": "Legitimate Windows administration tool often abused for lateral movement.",
                "observable_id": 7
            },
            {
                "observable_value": "WMI",
                "observable_rank": "Mentioned",
                "data_source": "Endpoint (EDR) logs",
                "classification": "Software/Tool",
                "STIX_supported": "No",
                "proprietary_artifact": "Open/Standard Technology",
                "parser": "N/A",
                "notes": "Refers to Windows Management Instrumentation, a built-in Windows component.",
                "observable_id": 8
            },
            {
                "observable_value": "EternalBlue",
                "observable_rank": "Described",
                "data_source": "Endpoint (EDR) logs",
                "classification": "Exploit",
                "STIX_supported": "No",
                "proprietary_artifact": "Open/Standard Technology",
                "parser": "N/A",
                "notes": "Windows SMBv1 exploit (the same exploited by WannaCry).",
                "observable_id": 9
            },
            {
                "observable_value": "EternalRomance",
                "observable_rank": "Described",
                "data_source": "Endpoint (EDR) logs",
                "classification": "Exploit",
                "STIX_supported": "No",
                "proprietary_artifact": "Open/Standard Technology",
                "parser": "N/A",
                "notes": "Another Windows SMBv1 exploit leveraged for lateral movement.",
                "observable_id": 10
            },
            {
                "observable_value": "MS17-010",
                "observable_rank": "Actionable",
                "data_source": "System logs (Windows Event)",
                "classification": "Vulnerability",
                "STIX_supported": "Partial",
                "proprietary_artifact": "Proprietary-Documented Technology",
                "parser": "N/A",
                "notes": "Microsoft security update identifier addressing the SMB vulnerability exploited by EternalBlue/EternalRomance.",
                "observable_id": 11
            },
            {
                "observable_value": "EternalBlue",
                "observable_rank": "Actionable",
                "data_source": "Network traffic",
                "classification": "Exploit Technique",
                "STIX_supported": "Partial",
                "proprietary_artifact": "Proprietary-Documented Technology",
                "parser": "N/A",
                "notes": "Name of a well-known exploit used for lateral movement via SMB vulnerabilities.",
                "observable_id": 12
            },
            {
                "observable_value": "EternalRomance",
                "observable_rank": "Actionable",
                "data_source": "Network traffic",
                "classification": "Exploit Technique",
                "STIX_supported": "Partial",
                "proprietary_artifact": "Proprietary-Documented Technology",
                "parser": "N/A",
                "notes": "Name of a well-known exploit used for lateral movement via SMB vulnerabilities.",
                "observable_id": 13
            },
            {
                "observable_value": "Mimikatz",
                "observable_rank": "Described",
                "data_source": "Endpoint (EDR) logs",
                "classification": "Software/Tool",
                "STIX_supported": "No",
                "proprietary_artifact": "Open/Standard Technology",
                "parser": "N/A",
                "notes": "Modified version used to steal Windows credentials.",
                "observable_id": 14
            },
            {
                "observable_value": "WMIC",
                "observable_rank": "Described",
                "data_source": "System logs (Windows Event)",
                "classification": "Software/Tool",
                "STIX_supported": "No",
                "proprietary_artifact": "Proprietary-Documented Technology",
                "parser": "N/A",
                "notes": "Refers to the Windows Management Instrumentation Command Line tool utilized during lateral movement.",
                "observable_id": 15
            },
            {
                "observable_value": "psexec.exe",
                "observable_rank": "Described",
                "data_source": "Endpoint (EDR) logs",
                "classification": "Software/Tool",
                "STIX_supported": "Full: File",
                "proprietary_artifact": "Proprietary-Documented Technology",
                "parser": "N/A",
                "notes": "Microsoft SysInternals utility used by attackers for accessing other systems.",
                "observable_id": 16
            },
            {
                "observable_value": "EternalBlue",
                "observable_rank": "Described",
                "data_source": "Firewall logs",
                "classification": "Exploit",
                "STIX_supported": "No",
                "proprietary_artifact": "Proprietary-Documented Technology",
                "parser": "N/A",
                "notes": "Exploit tool employed to target unpatched systems running vulnerable SMBv1.",
                "observable_id": 17
            },
            {
                "observable_value": "M.E.Doc",
                "observable_rank": "Described",
                "data_source": "Endpoint (EDR) logs",
                "classification": "Software/Application",
                "STIX_supported": "No",
                "proprietary_artifact": "Proprietary-Documented Technology",
                "parser": "N/A",
                "notes": "Ukrainian tax accounting software implicated as the delivery mechanism in the compromise.",
                "observable_id": 18
            },
            {
                "observable_value": "MS17-010",
                "observable_rank": "Actionable",
                "data_source": "None",
                "classification": "Vulnerability",
                "STIX_supported": "No",
                "proprietary_artifact": "Open/Standard Technology",
                "parser": "N/A",
                "notes": "Microsoft security bulletin identifier referenced as a vulnerability exploited by NotPetya.",
                "observable_id": 19
            },
            {
                "observable_value": "CVE-2017-0144",
                "observable_rank": "Actionable",
                "data_source": "None",
                "classification": "Vulnerability",
                "STIX_supported": "No",
                "proprietary_artifact": "Open/Standard Technology",
                "parser": "N/A",
                "notes": "CVE identifier mentioned in the report; a specific vulnerability exploited in the campaign.",
                "observable_id": 20
            },
            {
                "observable_value": "CVE-2017-0145",
                "observable_rank": "Actionable",
                "data_source": "None",
                "classification": "Vulnerability",
                "STIX_supported": "No",
                "proprietary_artifact": "Open/Standard Technology",
                "parser": "N/A",
                "notes": "CVE identifier mentioned in the report; a specific vulnerability exploited in the campaign.",
                "observable_id": 21
            },
            {
                "observable_value": "hxxp://mischapuk6hyrn72[.]onion/",
                "observable_rank": "Actionable",
                "data_source": "Web proxy logs",
                "classification": "URL",
                "STIX_supported": "Full: URL",
                "proprietary_artifact": "Open/Standard Technology",
                "parser": "N/A",
                "notes": "Obfuscated URL using hxxp and [.] notation to prevent accidental clicks.",
                "observable_id": 22
            },
            {
                "observable_value": "hxxp://petya3jxfp2f7g3i[.]onion/",
                "observable_rank": "Actionable",
                "data_source": "Web proxy logs",
                "classification": "URL",
                "STIX_supported": "Full: URL",
                "proprietary_artifact": "Open/Standard Technology",
                "parser": "N/A",
                "notes": "Obfuscated URL using hxxp and [.] notation to prevent accidental clicks.",
                "observable_id": 23
            },
            {
                "observable_value": "hxxp://petya3sen7dyko2n[.]onion/",
                "observable_rank": "Actionable",
                "data_source": "Web proxy logs",
                "classification": "URL",
                "STIX_supported": "Full: URL",
                "proprietary_artifact": "Open/Standard Technology",
                "parser": "N/A",
                "notes": "Obfuscated URL using hxxp and [.] notation to prevent accidental clicks.",
                "observable_id": 24
            },
            {
                "observable_value": "hxxp://mischa5xyix2mrhd[.]onion/MZ2MMJ",
                "observable_rank": "Actionable",
                "data_source": "Web proxy logs",
                "classification": "URL",
                "STIX_supported": "Full: URL",
                "proprietary_artifact": "Open/Standard Technology",
                "parser": "N/A",
                "notes": "Obfuscated URL using hxxp and [.] notation to prevent accidental clicks. Contains a specific path component.",
                "observable_id": 25
            },
            {
                "observable_value": "hxxp://mischapuk6hyrn72[.]onion/MZ2MMJ",
                "observable_rank": "Actionable",
                "data_source": "Web proxy logs",
                "classification": "URL",
                "STIX_supported": "Full: URL",
                "proprietary_artifact": "Open/Standard Technology",
                "parser": "N/A",
                "notes": "Obfuscated URL using hxxp and [.] notation to prevent accidental clicks. Contains a specific path component.",
                "observable_id": 26
            },
            {
                "observable_value": "hxxp://petya3jxfp2f7g3i[.]onion/MZ2MMJ",
                "observable_rank": "Actionable",
                "data_source": "Web proxy logs",
                "classification": "URL",
                "STIX_supported": "Full: URL",
                "proprietary_artifact": "Open/Standard Technology",
                "parser": "N/A",
                "notes": "Obfuscated URL using hxxp and [.] notation to prevent accidental clicks. Contains a specific path component.",
                "observable_id": 27
            },
            {
                "observable_value": "hxxp://petya3sen7dyko2n[.]onion/MZ2MMJ",
                "observable_rank": "Actionable",
                "data_source": "Web proxy logs",
                "classification": "URL",
                "STIX_supported": "Full: URL",
                "proprietary_artifact": "Open/Standard Technology",
                "parser": "N/A",
                "notes": "Obfuscated URL using hxxp and [.] notation to prevent accidental clicks. Contains a specific path component.",
                "observable_id": 28
            },
            {
                "observable_value": "sid:2001569",
                "observable_rank": "Actionable",
                "data_source": "Network traffic",
                "classification": "IDS Rule ID",
                "STIX_supported": "No",
                "proprietary_artifact": "Open/Standard Technology",
                "parser": "Snort",
                "notes": "IDS signature identifier from Emerging Threats rules.",
                "observable_id": 29
            },
            {
                "observable_value": "445",
                "observable_rank": "Described",
                "data_source": "Network traffic",
                "classification": "Network Port",
                "STIX_supported": "No",
                "proprietary_artifact": "Open/Standard Technology",
                "parser": "N/A",
                "notes": "Common port associated with SMB traffic.",
                "observable_id": 30
            },
            {
                "observable_value": "sid:2012063",
                "observable_rank": "Actionable",
                "data_source": "Network traffic",
                "classification": "IDS Rule ID",
                "STIX_supported": "No",
                "proprietary_artifact": "Open/Standard Technology",
                "parser": "Snort",
                "notes": "IDS signature identifier from Emerging Threats rules.",
                "observable_id": 31
            },
            {
                "observable_value": "CVE-2009-3103",
                "observable_rank": "Actionable",
                "data_source": "Network traffic",
                "classification": "Vulnerability",
                "STIX_supported": "Full: Vulnerability",
                "proprietary_artifact": "Open/Standard Technology",
                "parser": "N/A",
                "notes": null,
                "observable_id": 32
            },
            {
                "observable_value": "Microsoft SRV2.SYS",
                "observable_rank": "Described",
                "data_source": "Network traffic",
                "classification": "File",
                "STIX_supported": "Partial",
                "proprietary_artifact": "Open/Standard Technology",
                "parser": "N/A",
                "notes": "Filename mentioned in IDS signature likely indicating suspicious file usage.",
                "observable_id": 33
            },
            {
                "observable_value": "sid:2024297",
                "observable_rank": "Actionable",
                "data_source": "Network traffic",
                "classification": "IDS Rule ID",
                "STIX_supported": "No",
                "proprietary_artifact": "Open/Standard Technology",
                "parser": "Snort",
                "notes": "IDS signature identifier from Emerging Threats rules.",
                "observable_id": 34
            },
            {
                "observable_value": "MS17-010",
                "observable_rank": "Actionable",
                "data_source": "Network traffic",
                "classification": "Vulnerability",
                "STIX_supported": "Full: Vulnerability",
                "proprietary_artifact": "Open/Standard Technology",
                "parser": "N/A",
                "notes": "Microsoft vulnerability patch identifier associated with ETERNALBLUE exploit.",
                "observable_id": 35
            },
            {
                "observable_value": "ETERNALBLUE",
                "observable_rank": "Described",
                "data_source": "Network traffic",
                "classification": "Exploit",
                "STIX_supported": "Partial",
                "proprietary_artifact": "Open/Standard Technology",
                "parser": "N/A",
                "notes": "Exploit name mentioned in IDS signature.",
                "observable_id": 36
            },
            {
                "observable_value": "sid:42944",
                "observable_rank": "Actionable",
                "data_source": "Network traffic",
                "classification": "IDS Rule ID",
                "STIX_supported": "No",
                "proprietary_artifact": "Open/Standard Technology",
                "parser": "Snort",
                "notes": "IDS signature identifier from Emerging Threats rules.",
                "observable_id": 37
            },
            {
                "observable_value": "sid:42340",
                "observable_rank": "Actionable",
                "data_source": "Network traffic",
                "classification": "IDS Rule ID",
                "STIX_supported": "No",
                "proprietary_artifact": "Open/Standard Technology",
                "parser": "Snort",
                "notes": "IDS signature identifier from Emerging Threats rules.",
                "observable_id": 38
            },
            {
                "observable_value": "sid:41984",
                "observable_rank": "Actionable",
                "data_source": "Network traffic",
                "classification": "IDS Rule ID",
                "STIX_supported": "No",
                "proprietary_artifact": "Open/Standard Technology",
                "parser": "Snort",
                "notes": "IDS signature identifier from Emerging Threats rules.",
                "observable_id": 39
            },
            {
                "observable_value": "SMBv1",
                "observable_rank": "Mentioned",
                "data_source": "Network traffic",
                "classification": "Protocol",
                "STIX_supported": "No",
                "proprietary_artifact": "Open/Standard Technology",
                "parser": "N/A",
                "notes": "Protocol version mentioned in IDS signature.",
                "observable_id": 40
            },
            {
                "observable_value": "</ncas/alerts/ta16-250a>",
                "observable_rank": "Actionable",
                "data_source": "Web proxy logs",
                "classification": "URL",
                "STIX_supported": "Full: URL",
                "proprietary_artifact": "Open/Standard Technology",
                "parser": "N/A",
                "notes": "US-CERT alert reference URL (relative path); can be used to reference the advisory.",
                "observable_id": 41
            },
            {
                "observable_value": "MS17-010",
                "observable_rank": "Described",
                "data_source": "None",
                "classification": "Vulnerability",
                "STIX_supported": "Full: Vulnerability",
                "proprietary_artifact": "Open/Standard Technology",
                "parser": "N/A",
                "notes": "Identifier for Microsoft's patch addressing the SMB vulnerability dated March 14, 2017.",
                "observable_id": 42
            },
            {
                "observable_value": "PSEXEC",
                "observable_rank": "Described",
                "data_source": "Endpoint (EDR) logs",
                "classification": "Software/Tool",
                "STIX_supported": "Partial",
                "proprietary_artifact": "Open/Standard Technology",
                "parser": "N/A",
                "notes": "Refers to the Sysinternals tool used for remote execution; generic tool name.",
                "observable_id": 43
            },
            {
                "observable_value": "TCP port 445",
                "observable_rank": "Actionable",
                "data_source": "Firewall logs",
                "classification": "Port",
                "STIX_supported": "No",
                "proprietary_artifact": "Open/Standard Technology",
                "parser": "Wireshark",
                "notes": "A well-known port used for SMB communications; can be directly filtered in network traffic.",
                "observable_id": 44
            },
            {
                "observable_value": "UDP ports 137-138",
                "observable_rank": "Actionable",
                "data_source": "Firewall logs",
                "classification": "Port Range",
                "STIX_supported": "No",
                "proprietary_artifact": "Open/Standard Technology",
                "parser": "Wireshark",
                "notes": "UDP port range typically used for NetBIOS services.",
                "observable_id": 45
            },
            {
                "observable_value": "TCP port 139",
                "observable_rank": "Actionable",
                "data_source": "Firewall logs",
                "classification": "Port",
                "STIX_supported": "No",
                "proprietary_artifact": "Open/Standard Technology",
                "parser": "Wireshark",
                "notes": "Port associated with NetBIOS/SMB services; actionable in network filtering.",
                "observable_id": 46
            },
            {
                "observable_value": "SMBv1",
                "observable_rank": "Described",
                "data_source": "Network traffic",
                "classification": "Protocol",
                "STIX_supported": "No",
                "proprietary_artifact": "Open/Standard Technology",
                "parser": "Wireshark",
                "notes": "Specifies the outdated version of the Server Message Block protocol; typically identified during network analysis.",
                "observable_id": 47
            },
            {
                "observable_value": "SMB",
                "observable_rank": "Mentioned",
                "data_source": "Network traffic",
                "classification": "Protocol",
                "STIX_supported": "No",
                "proprietary_artifact": "Open/Standard Technology",
                "parser": "Wireshark",
                "notes": "Generic reference to the Server Message Block protocol without version specificity.",
                "observable_id": 48
            },
            {
                "observable_value": "WMI",
                "observable_rank": "Mentioned",
                "data_source": "System logs (Windows Event)",
                "classification": "Technology",
                "STIX_supported": "No",
                "proprietary_artifact": "Proprietary-Documented Technology",
                "parser": "N/A",
                "notes": "Refers to Windows Management Instrumentation, a generic technology reference.",
                "observable_id": 49
            },
            {
                "observable_value": "NCCICcustomerservice@hq.dhs.gov",
                "observable_rank": "Actionable",
                "data_source": "None",
                "classification": "Email",
                "STIX_supported": "Full: Email Address",
                "proprietary_artifact": "Open/Standard Technology",
                "parser": "N/A",
                "notes": null,
                "observable_id": 50
            },
            {
                "observable_value": "888-282-0870",
                "observable_rank": "Actionable",
                "data_source": "None",
                "classification": "Phone Number",
                "STIX_supported": "No",
                "proprietary_artifact": "Open/Standard Technology",
                "parser": "N/A",
                "notes": null,
                "observable_id": 51
            },
            {
                "observable_value": "secure.com/2017/06/30/eternal-petya-from-a-developers-perspective",
                "observable_rank": "Actionable",
                "data_source": "Web proxy logs",
                "classification": "URL",
                "STIX_supported": "Full: URL",
                "proprietary_artifact": "Open/Standard Technology",
                "parser": "Zeek",
                "notes": "Extracted from the reference section; a complete URL string.",
                "observable_id": 52
            },
            {
                "observable_value": "us/library/cc771551(v=ws.11).aspx",
                "observable_rank": "Described",
                "data_source": "Web proxy logs",
                "classification": "URL Path",
                "STIX_supported": "Partial",
                "proprietary_artifact": "Open/Standard Technology",
                "parser": "Zeek",
                "notes": "A relative URL path from a Microsoft reference regarding WMI permissions.",
                "observable_id": 53
            },
            {
                "observable_value": "MS17-010",
                "observable_rank": "Described",
                "data_source": "None",
                "classification": "Vulnerability ID",
                "STIX_supported": "Full: Vulnerability",
                "proprietary_artifact": "Proprietary-Documented Technology",
                "parser": "N/A",
                "notes": "Microsoft Security Bulletin identifier.",
                "observable_id": 54
            },
            {
                "observable_value": "Emerging Threats 2001569",
                "observable_rank": "Described",
                "data_source": "IDS logs",
                "classification": "IDS Rule ID",
                "STIX_supported": "No",
                "proprietary_artifact": "Open/Standard Technology",
                "parser": "N/A",
                "notes": "Emerging Threats rule identifier extracted from the reference list.",
                "observable_id": 55
            },
            {
                "observable_value": "Emerging Threats 2012063",
                "observable_rank": "Described",
                "data_source": "IDS logs",
                "classification": "IDS Rule ID",
                "STIX_supported": "No",
                "proprietary_artifact": "Open/Standard Technology",
                "parser": "N/A",
                "notes": "Emerging Threats rule identifier extracted from the reference list.",
                "observable_id": 56
            },
            {
                "observable_value": "Emerging Threats 2024297",
                "observable_rank": "Described",
                "data_source": "IDS logs",
                "classification": "IDS Rule ID",
                "STIX_supported": "No",
                "proprietary_artifact": "Open/Standard Technology",
                "parser": "N/A",
                "notes": "Emerging Threats rule identifier extracted from the reference list.",
                "observable_id": 57
            },
            {
                "observable_value": "TA16-091A",
                "observable_rank": "Described",
                "data_source": "None",
                "classification": "US-CERT Alert ID",
                "STIX_supported": "No",
                "proprietary_artifact": "Open/Standard Technology",
                "parser": "N/A",
                "notes": "US-CERT alert identifier from the reference section.",
                "observable_id": 58
            },
            {
                "observable_value": "MIFR-10130295_stix.xml",
                "observable_rank": "Actionable",
                "data_source": "Endpoint (EDR) logs",
                "classification": "Filename",
                "STIX_supported": "Full: File",
                "proprietary_artifact": "Open/Standard Technology",
                "parser": "N/A",
                "notes": "Referenced in the revision update as a STIX file.",
                "observable_id": 59
            },
            {
                "observable_value": "TA-17-181B_IOCs.csv",
                "observable_rank": "Actionable",
                "data_source": "Endpoint (EDR) logs",
                "classification": "Filename",
                "STIX_supported": "Full: File",
                "proprietary_artifact": "Open/Standard Technology",
                "parser": "N/A",
                "notes": "Referenced as the replacement file for TA-17-181A_IOCs.csv.",
                "observable_id": 60
            },
            {
                "observable_value": "TA-17-181A_IOCs.csv",
                "observable_rank": "Actionable",
                "data_source": "Endpoint (EDR) logs",
                "classification": "Filename",
                "STIX_supported": "Full: File",
                "proprietary_artifact": "Open/Standard Technology",
                "parser": "N/A",
                "notes": "Originally referenced in earlier revisions before being substituted.",
                "observable_id": 61
            },
            {
                "observable_value": "USA.gov",
                "observable_rank": "Actionable",
                "data_source": "Web proxy logs",
                "classification": "Domain",
                "STIX_supported": "Full: Domain-Name",
                "proprietary_artifact": "Open/Standard Technology",
                "parser": "N/A",
                "notes": "Extracted from website reference content.",
                "observable_id": 62
            }
        ]
    },
    "Mitigation Strategies for Stuxnet - SCADAhacker.md": {
        "observables": [
            {
                "observable_value": "SCADAhacker.com",
                "observable_rank": "Actionable",
                "data_source": "DNS logs",
                "classification": "Domain",
                "STIX_supported": "Full: Domain Name",
                "proprietary_artifact": "Open/Standard Technology",
                "parser": "N/A",
                "notes": "The domain 'SCADAhacker.com' appears in the header, likely indicating a reference to a threat actor or campaign website.",
                "observable_id": 1
            },
            {
                "observable_value": "Stuxnet-like attacks",
                "observable_rank": "Mentioned",
                "data_source": "None",
                "classification": "Attack Pattern",
                "STIX_supported": "Partial",
                "proprietary_artifact": "Open/Standard Technology",
                "parser": "N/A",
                "notes": "A conceptual reference to attacks that share characteristics with Stuxnet; not a concrete, matchable indicator for telemetry.",
                "observable_id": 2
            },
            {
                "observable_value": "CSFI Stuxnet Project",
                "observable_rank": "Mentioned",
                "data_source": "None",
                "classification": "CTI Project",
                "STIX_supported": "No",
                "proprietary_artifact": "Open/Standard Technology",
                "parser": "N/A",
                "notes": "The name of the project mentioned in the report; serves as contextual information rather than a technical artifact observable in telemetry.",
                "observable_id": 3
            },
            {
                "observable_value": "MS08-067",
                "observable_rank": "Actionable",
                "data_source": "System logs (Windows Event, syslog)",
                "classification": "Vulnerability Identifier",
                "STIX_supported": "Full: Vulnerability",
                "proprietary_artifact": "Open/Standard Technology",
                "parser": "N/A",
                "notes": "Microsoft vulnerability exploited by Stuxnet; a unique identifier that can be used for detection if systems remain unpatched.",
                "observable_id": 4
            },
            {
                "observable_value": "ISA-99",
                "observable_rank": "Mentioned",
                "data_source": "None",
                "classification": "Security Standard",
                "STIX_supported": "No",
                "proprietary_artifact": "Open/Standard Technology",
                "parser": "N/A",
                "notes": "Refers to the ISA-99 standard for industrial control system security. It\u2019s a conceptual reference rather than a directly actionable artifact.",
                "observable_id": 5
            },
            {
                "observable_value": "Windows XP",
                "observable_rank": "Described",
                "data_source": "Endpoint (EDR) logs",
                "classification": "Operating System",
                "STIX_supported": "Partial",
                "proprietary_artifact": "Open/Standard Technology",
                "parser": "N/A",
                "notes": "A legacy operating system mentioned in the context of software restriction policies; generic and common.",
                "observable_id": 6
            },
            {
                "observable_value": "Windows 2000",
                "observable_rank": "Described",
                "data_source": "Endpoint (EDR) logs",
                "classification": "Operating System",
                "STIX_supported": "Partial",
                "proprietary_artifact": "Open/Standard Technology",
                "parser": "N/A",
                "notes": "Another legacy operating system highlighted as a risk factor due to its presence in older control systems environments.",
                "observable_id": 7
            },
            {
                "observable_value": "Security Information and Event Management (SIEM) systems",
                "observable_rank": "Mentioned",
                "data_source": "System logs",
                "classification": "Software/Tool",
                "STIX_supported": "Full: Tool",
                "proprietary_artifact": "Open/Standard Technology",
                "parser": "N/A",
                "notes": "Generic reference to systems used to analyze and correlate data from system logs and event journals throughout a control system network.",
                "observable_id": 8
            },
            {
                "observable_value": "intrusion monitoring systems",
                "observable_rank": "Mentioned",
                "data_source": "Network traffic",
                "classification": "Software/Tool",
                "STIX_supported": "Full: Tool",
                "proprietary_artifact": "Open/Standard Technology",
                "parser": "N/A",
                "notes": "Systems that evaluate data traffic patterns between system components and help establish a baseline of normal network use.",
                "observable_id": 9
            },
            {
                "observable_value": "Extrusion Detection",
                "observable_rank": "Mentioned",
                "data_source": "Network traffic",
                "classification": "Software/Tool",
                "STIX_supported": "Full: Tool",
                "proprietary_artifact": "Open/Standard Technology",
                "parser": "N/A",
                "notes": "A detection mechanism intended to generate alerts or alarms for potential client-side attacks by monitoring outbound (extruding) traffic.",
                "observable_id": 10
            },
            {
                "observable_value": "passive vulnerability scanners (PVS)",
                "observable_rank": "Mentioned",
                "data_source": "Network traffic",
                "classification": "Software/Tool",
                "STIX_supported": "Full: Tool",
                "proprietary_artifact": "Open/Standard Technology",
                "parser": "N/A",
                "notes": "Scanners used to passively observe unusual traffic patterns, compare them with previous baselines, and alert on deviations.",
                "observable_id": 11
            },
            {
                "observable_value": "IDS",
                "observable_rank": "Mentioned",
                "data_source": "Network traffic",
                "classification": "Intrusion Detection System",
                "STIX_supported": "Full: Tool",
                "proprietary_artifact": "Open/Standard Technology",
                "parser": "N/A",
                "notes": "Intrusion Detection System that works in conjunction with PVS and consolidates alerts within a SIEM.",
                "observable_id": 12
            },
            {
                "observable_value": "SCADA honeypot",
                "observable_rank": "Mentioned",
                "data_source": "Network traffic",
                "classification": "Honeypot",
                "STIX_supported": "Full: Tool",
                "proprietary_artifact": "Open/Standard Technology",
                "parser": "N/A",
                "notes": "A decoy system deployed on the same network as production systems to lure and analyze potentially malicious activity through periodic scanning and testing.",
                "observable_id": 13
            },
            {
                "observable_value": "zero-days",
                "observable_rank": "Mentioned",
                "data_source": "None",
                "classification": "Vulnerability Exploit",
                "STIX_supported": "No",
                "proprietary_artifact": "Open/Standard Technology",
                "parser": "N/A",
                "notes": "Generic reference to vulnerabilities exploited before patches or fixes (i.e. zero-day vulnerabilities).",
                "observable_id": 14
            },
            {
                "observable_value": "ICSCSLorg",
                "observable_rank": "Actionable",
                "data_source": "DNS logs",
                "classification": "Domain",
                "STIX_supported": "Full: Domain Name",
                "proprietary_artifact": "Open/Standard Technology",
                "parser": "N/A",
                "notes": "Appears as a website reference though it lacks standard URL formatting.",
                "observable_id": 15
            }
        ]
    }
}