url,status,filename
https://www.us-cert.gov/ics/advisories/ICSA-10-238-01B,Rendered,ICSA-10-238-01B.pdf
https://www.symantec.com/security-center/writeup/2010-071400-3123-99,Rendered,2010-071400-3123-99.pdf
https://www.carbonblack.com/2019/03/22/tau-threat-intelligence-notification-lockergoga-ransomware/,Rendered,report_3.pdf
https://www.dragos.com/wp-content/uploads/CRASHOVERRIDE2018.pdf,Downloaded,CRASHOVERRIDE2018.pdf
https://www.crysys.hu/publications/files/skywiper.pdf,Downloaded,skywiper.pdf
https://www.secureworks.com/research/wcry-ransomware-analysis,Error: Timeout 60000ms exceeded.,
https://www.us-cert.gov/ncas/alerts/TA17-132A,Rendered,TA17-132A.pdf
https://www.bleepingcomputer.com/news/security/killdisk-disk-wiping-malware-adds-ransomware-component/,"Error: Timeout 60000ms exceeded.
=========================== logs ===========================
""commit"" event fired
""domcontentloaded"" event fired
""load"" event fired
""commit"" event fired
""domcontentloaded"" event fired
""load"" event fired
""commit"" event fired
""domcontentloaded"" event fired
""load"" event fired
""commit"" event fired
""domcontentloaded"" event fired
""load"" event fired
""commit"" event fired
""domcontentloaded"" event fired
""load"" event fired
============================================================",
https://www.esetnod32.ru/company/viruslab/analytics/doc/Stuxnet_Under_the_Microscope.pdf,Downloaded,Stuxnet_Under_the_Microscope.pdf
https://www.youtube.com/watch?v=XwSJ8hloGvY,Rendered,watch.pdf
https://logrhythm.com/blog/a-technical-analysis-of-wannacry-ransomware/,Rendered,report_11.pdf
https://www.welivesecurity.com/2017/06/30/telebots-back-supply-chain-attacks-against-ukraine/,Rendered,report_12.pdf
https://download.schneider-electric.com/files?p_Doc_Ref=SESB-2022-01,"Error: Page.goto: net::ERR_ABORTED at https://download.schneider-electric.com/files?p_Doc_Ref=SESB-2022-01
Call log:
  - navigating to ""https://download.schneider-electric.com/files?p_Doc_Ref=SESB-2022-01"", waiting until ""load""
",
https://community.broadcom.com/symantecenterprise/communities/community-home/librarydocuments/viewdocument?DocumentKey=7382dce7-0260-4782-84cc-890971ed3f17&CommunityKey=1ecf5f55-9545-44d6-b0f4-4e4a7f5f5e68&tab=librarydocuments,Rendered,viewdocument.pdf
https://www.dragos.com/wp-content/uploads/CrashOverride-01.pdf,Downloaded,CrashOverride-01.pdf
https://dragos.com/wp-content/uploads/CRASHOVERRIDE.pdf,Downloaded,CRASHOVERRIDE.pdf
https://www.welivesecurity.com/wp-content/uploads/2017/06/Win32_Industroyer.pdf,Downloaded,Win32_Industroyer.pdf
https://download.schneider-electric.com/files?p_enDocType=Technical+leaflet&p_File_Name=SEVD-2017-347-01+Triconex+V3.pdf&p_Doc_Ref=SEVD-2017-347-01,"Error: Page.goto: net::ERR_ABORTED at https://download.schneider-electric.com/files?p_enDocType=Technical+leaflet&p_File_Name=SEVD-2017-347-01+Triconex+V3.pdf&p_Doc_Ref=SEVD-2017-347-01
Call log:
  - navigating to ""https://download.schneider-electric.com/files?p_enDocType=Technical+leaflet&p_File_Name=SEVD-2017-347-01+Triconex+V3.pdf&p_Doc_Ref=SEVD-2017-347-01"", waiting until ""load""
",
https://ics-cert.us-cert.gov/sites/default/files/documents/MAR-17-352-01%20HatMan%20-%20Safety%20System%20Targeted%20Malware%20%28Update%20B%29.pdf,Downloaded,MAR-17-352-01 HatMan - Safety System Targeted Malware (Update B).pdf
http://www.welivesecurity.com/2016/01/03/blackenergy-sshbeardoor-details-2015-attacks-ukrainian-news-media-electric-industry/,Rendered,report_20.pdf
https://unit42.paloaltonetworks.com/born-this-way-origins-of-lockergoga/,Rendered,report_21.pdf
https://hub.dragos.com/hubfs/116-Whitepapers/Dragos_ChernoviteWP_v2b.pdf?hsLang=en,Downloaded,Dragos_ChernoviteWP_v2b.pdf
https://claroty.com/team82/research/unpacking-the-blackjack-groups-fuxnet-malware,Rendered,unpacking-the-blackjack-groups-fuxnet-malware.pdf
https://www.gdatasoftware.com/blog/2019/06/31724-strange-bits-sodinokibi-spam-cinarat-and-fake-g-data,Rendered,31724-strange-bits-sodinokibi-spam-cinarat-and-fake-g-data.pdf
https://www.cisa.gov/uscert/ncas/alerts/aa22-103a,Rendered,aa22-103a.pdf
https://media.defcon.org/DEF%20CON%2030/DEF%20CON%2030%20presentations/Jimmy%20Wylie%20-%20Analyzing%20PIPEDREAM%20Challenges%20in%20testing%20an%20ICS%20attack%20toolkit.pdf,"Error: HTTPSConnectionPool(host='media.defcon.org', port=443): Max retries exceeded with url: /DEF%20CON%2030/DEF%20CON%2030%20presentations/Jimmy%20Wylie%20-%20Analyzing%20PIPEDREAM%20Challenges%20in%20testing%20an%20ICS%20attack%20toolkit.pdf (Caused by SSLError(SSLError(1, '[SSL: TLSV1_ALERT_PROTOCOL_VERSION] tlsv1 alert protocol version (_ssl.c:1129)')))",
https://intel471.com/blog/revil-ransomware-as-a-service-an-analysis-of-a-ransomware-affiliate-operation/,Error: Timeout 60000ms exceeded.,
https://www.tetradefense.com/incident-response-services/cause-and-effect-sodinokibi-ransomware-analysis,Rendered,cause-and-effect-sodinokibi-ransomware-analysis.pdf
https://www.blackhat.com/docs/asia-16/materials/asia-16-Spenneberg-PLC-Blaster-A-Worm-Living-Solely-In-The-PLC.pdf,Downloaded,asia-16-Spenneberg-PLC-Blaster-A-Worm-Living-Solely-In-The-PLC.pdf
https://unit42.paloaltonetworks.com/threat-assessment-ekans-ransomware/,Rendered,report_30.pdf
https://www.symantec.com/connect/blogs/flamer-recipe-bluetoothache,Rendered,flamer-recipe-bluetoothache.pdf
https://collaborate.mitre.org/attackics/index.php/Software/S0001,"Error: Page.goto: net::ERR_NAME_NOT_RESOLVED at https://collaborate.mitre.org/attackics/index.php/Software/S0001
Call log:
  - navigating to ""https://collaborate.mitre.org/attackics/index.php/Software/S0001"", waiting until ""load""
",
https://dragos.com/blog/trisis/TRISIS-01.pdf,Downloaded,TRISIS-01.pdf
https://www.langner.com/wp-content/uploads/2017/03/to-kill-a-centrifuge.pdf,Downloaded,to-kill-a-centrifuge.pdf
https://www.welivesecurity.com/wp-content/uploads/200x/white-papers/ESET_ACAD_Medre_A_whitepaper.pdf,Downloaded,ESET_ACAD_Medre_A_whitepaper.pdf
https://www.bleepingcomputer.com/news/security/ryuk-ransomware-uses-wake-on-lan-to-encrypt-offline-devices/,"Error: Timeout 60000ms exceeded.
=========================== logs ===========================
""commit"" event fired
""domcontentloaded"" event fired
""load"" event fired
""commit"" event fired
""domcontentloaded"" event fired
""load"" event fired
""commit"" event fired
""domcontentloaded"" event fired
""load"" event fired
============================================================",
https://www.secureworks.com/research/revil-sodinokibi-ransomware,Error: Timeout 60000ms exceeded.,
https://securelist.com/bad-rabbit-ransomware/82851/,Rendered,report_38.pdf
https://www.mcafee.com/blogs/other-blogs/mcafee-labs/mcafee-atr-analyzes-sodinokibi-aka-revil-ransomware-as-a-service-what-the-code-tells-us/,"Error: Page.goto: net::ERR_HTTP2_PROTOCOL_ERROR at https://www.mcafee.com/blogs/other-blogs/mcafee-labs/mcafee-atr-analyzes-sodinokibi-aka-revil-ransomware-as-a-service-what-the-code-tells-us/
Call log:
  - navigating to ""https://www.mcafee.com/blogs/other-blogs/mcafee-labs/mcafee-atr-analyzes-sodinokibi-aka-revil-ransomware-as-a-service-what-the-code-tells-us/"", waiting until ""load""
",
https://www.wired.com/images_blogs/threatlevel/2011/02/Symantec-Stuxnet-Update-Feb-2011.pdf,Error: 404 Client Error: Not Found for url: https://www.wired.com/images_blogs/threatlevel/2011/02/Symantec-Stuxnet-Update-Feb-2011.pdf,
https://www.youtube.com/watch?v=f09E75bWvkk&index=3&list=PL8OWO1qWXF4qYG19p7An4Vw3N2YZ86aRS&t=0s,Rendered,watch.pdf
https://vblocalhost.com/uploads/VB2021-Slowik.pdf,Downloaded,VB2021-Slowik.pdf
https://us-cert.cisa.gov/ncas/alerts/TA17-163A,Rendered,TA17-163A.pdf
https://www.dragos.com/blog/industry-news/ekans-ransomware-and-ics-operations/,Rendered,report_44.pdf
https://www.youtube.com/watch?v=yuZazP22rpI,Rendered,watch.pdf
https://www.midnightbluelabs.com/blog/2018/1/16/analyzing-the-triton-industrial-malware,Rendered,analyzing-the-triton-industrial-malware.pdf
https://www.welivesecurity.com/2017/10/24/bad-rabbit-not-petya-back/,Rendered,report_47.pdf
https://www.secureworks.com/blog/revil-the-gandcrab-connection,Error: Timeout 60000ms exceeded.,
https://www.youtube.com/watch?v=xC9iM5wVedQ,Rendered,watch.pdf
https://docs.broadcom.com/doc/dragonfly_threat_against_western_energy_suppliers,"Error: Page.goto: net::ERR_ABORTED at https://docs.broadcom.com/doc/dragonfly_threat_against_western_energy_suppliers
Call log:
  - navigating to ""https://docs.broadcom.com/doc/dragonfly_threat_against_western_energy_suppliers"", waiting until ""load""
",
https://www.mandiant.com/resources/incontroller-state-sponsored-ics-tool,Rendered,incontroller-state-sponsored-ics-tool.pdf
https://securelist.com/sodin-ransomware/91473/,Rendered,report_52.pdf
https://www.justice.gov/opa/press-release/file/1328521/download,"Error: Page.goto: net::ERR_ABORTED at https://www.justice.gov/opa/press-release/file/1328521/download
Call log:
  - navigating to ""https://www.justice.gov/opa/press-release/file/1328521/download"", waiting until ""load""
",
https://www.ncsc.gov.uk/news/joint-advisory-shows-new-sandworm-malware-cyclops-blink-replaces-vpnfilter,Rendered,joint-advisory-shows-new-sandworm-malware-cyclops-blink-replaces-vpnfilter.pdf
https://www.dragos.com/blog/industry-news/implications-of-it-ransomware-for-ics-environments/,Rendered,report_55.pdf
https://www.symantec.com/content/en/us/enterprise/media/security_response/whitepapers/w32_duqu_the_precursor_to_the_next_stuxnet.pdf,Error: 404 Client Error: Not Found for url: https://www.broadcom.com/404-symantec?sourceURL=http://www.symantec.com/content/en/us/enterprise/media/security_response/whitepapers/w32_duqu_the_precursor_to_the_next_stuxnet.pdf?,
https://www.wired.com/images_blogs/threatlevel/2010/11/w32_stuxnet_dossier.pdf,Error: 404 Client Error: Not Found for url: https://www.wired.com/images_blogs/threatlevel/2010/11/w32_stuxnet_dossier.pdf,
https://www.crowdstrike.com/blog/big-game-hunting-with-ryuk-another-lucrative-targeted-ransomware/,Error: Timeout 60000ms exceeded.,
https://www.mcafee.com/blogs/other-blogs/mcafee-labs/mcafee-atr-analyzes-sodinokibi-aka-revil-ransomware-as-a-service-crescendo/,"Error: Page.goto: net::ERR_HTTP2_PROTOCOL_ERROR at https://www.mcafee.com/blogs/other-blogs/mcafee-labs/mcafee-atr-analyzes-sodinokibi-aka-revil-ransomware-as-a-service-crescendo/
Call log:
  - navigating to ""https://www.mcafee.com/blogs/other-blogs/mcafee-labs/mcafee-atr-analyzes-sodinokibi-aka-revil-ransomware-as-a-service-crescendo/"", waiting until ""load""
",
https://blog-assets.f-secure.com/wp-content/uploads/2019/10/15163408/BlackEnergy_Quedagh.pdf,Downloaded,BlackEnergy_Quedagh.pdf
https://www.blackhat.com/docs/asia-16/materials/asia-16-Spenneberg-PLC-Blaster-A-Worm-Living-Solely-In-The-PLC-wp.pdf,Downloaded,asia-16-Spenneberg-PLC-Blaster-A-Worm-Living-Solely-In-The-PLC-wp.pdf
https://www.us-cert.gov/ncas/alerts/TA17-181A,Rendered,TA17-181A.pdf
https://web.archive.org/web/20200125132645/https://www.sans.org/security-resources/malwarefaq/conficker-worm,Rendered,conficker-worm.pdf
https://us-cert.cisa.gov/ics/advisories/ICSA-10-272-01,Rendered,ICSA-10-272-01.pdf
https://dragos.com/blog/crashoverride/CrashOverride-01.pdf,Downloaded,CrashOverride-01.pdf
https://www.picussecurity.com/blog/a-brief-history-and-further-technical-analysis-of-sodinokibi-ransomware,Rendered,a-brief-history-and-further-technical-analysis-of-sodinokibi-ransomware.pdf
https://collaborate.mitre.org/attackics/index.php/Software/S0010,"Error: Page.goto: net::ERR_NAME_NOT_RESOLVED at https://collaborate.mitre.org/attackics/index.php/Software/S0010
Call log:
  - navigating to ""https://collaborate.mitre.org/attackics/index.php/Software/S0010"", waiting until ""load""
",
https://securelist.com/the-flame-questions-and-answers-51/34344/,"Error: Page.goto: Navigation to ""https://securelist.com/the-flame-questions-and-answers-51/34344/"" is interrupted by another navigation to ""chrome-error://chromewebdata/""
Call log:
  - navigating to ""https://securelist.com/the-flame-questions-and-answers-51/34344/"", waiting until ""load""
",
